w_c,w_s,p,r_in,h,n_rings,r_out,gamma_eff,bias_g05,bias_g50,bias_g90,solve_s
0.4,0.4,0.8,3.0,0.2,102,8.0,0.8,1.8681063851389013e-07,1.0808196835854211e-05,0.0418362783431907,2.6
0.4,0.4,0.8,4.0,0.2,102,9.0,0.85,1.5647385709360861e-07,1.4317088947390921e-05,0.002837017294969879,3.5
0.4,0.4,0.8,5.0,0.2,102,10.0,0.9,1.4298345796248668e-07,1.8961794365446316e-05,0.00015931724185636043,4.5
0.4,0.4,0.8,6.0,0.2,102,11.0,0.9,5.535573542880812e-07,2.8492694564286047e-05,0.00012984172688690343,5.8
0.4,0.4,0.8,7.0,0.2,102,12.0,0.9,5.615839298034331e-07,4.138431006250887e-05,9.767327835774609e-05,6.1
0.4,0.4,0.8,8.0,0.2,102,13.0,0.9,5.948972590097412e-07,5.4390106837054475e-05,0.0001287238202096752,6.9
0.4,0.4,0.8,9.0,0.2,102,14.0,0.9,6.602280246958969e-07,7.331456046366647e-05,0.00019679892715784852,8.2
0.4,0.4,0.8,10.0,0.2,102,15.0,0.9,7.75079391779343e-07,0.00011067765179806344,0.0002907133025884523,9.5
0.4,0.5,0.9,3.0,0.2,91,8.0,0.75,1.6791562873486043e-07,1.6383021710364432e-06,0.03524087178041291,2.5
0.4,0.5,0.9,4.0,0.2,91,9.0,0.85,1.5861642499448436e-07,1.2426735681025924e-05,0.0047874063730593,3.5
0.4,0.5,0.9,5.0,0.2,91,10.0,0.9,1.462354780601416e-07,1.990550824793047e-05,0.00046706289875420026,4.2
0.4,0.5,0.9,6.0,0.2,91,11.0,0.9,5.635072920506801e-07,2.8978269033141935e-05,0.0008652339844226198,5.2
0.4,0.5,0.9,7.0,0.2,91,12.0,0.9,5.69864090027572e-07,4.199857866793444e-05,0.0009257073197157517,5.5
0.4,0.5,0.9,8.0,0.2,91,13.0,0.9,6.019002013468722e-07,5.507306303453863e-05,0.0002047768830285568,6.2
0.4,0.5,0.9,9.0,0.2,91,14.0,0.9,6.660317588558229e-07,7.399946923125622e-05,0.0001006657706188463,6.8
0.4,0.5,0.9,10.0,0.2,91,15.0,0.9,7.793413894230383e-07,0.00011134405160362348,0.00012778356776876887,7.9
0.4,0.8,1.2000000000000002,3.0,0.2,68,8.0,0.8,2.046048229731312e-07,1.2998759163163065e-05,0.04910910573095584,1.8
0.4,0.8,1.2000000000000002,4.0,0.2,68,9.0,0.85,1.6764942878388922e-07,1.5255468373220893e-05,0.006412367953557707,2.6
0.4,0.8,1.2000000000000002,5.0,0.2,68,10.0,0.9,1.5176360712576553e-07,2.016846317931531e-05,0.0007605014724823,2.9
0.4,0.8,1.2000000000000002,6.0,0.2,68,11.0,0.9,5.83872228121507e-07,3.009862301039945e-05,0.0008915722408420201,3.7
0.4,0.8,1.2000000000000002,7.0,0.2,68,12.0,0.9,5.898992357922239e-07,4.353306806081925e-05,0.0006425475476747877,4.4
0.4,0.8,1.2000000000000002,8.0,0.2,68,13.0,0.9,6.233947152933794e-07,5.706298599028603e-05,2.4093031275818078e-05,5.0
0.4,0.8,1.2000000000000002,9.0,0.2,68,14.0,0.9,6.913044608980456e-07,7.684282462139258e-05,0.00021263581758890204,5.8
0.4,0.8,1.2000000000000002,10.0,0.2,68,15.0,0.9,8.122004954147499e-07,0.00011608874093116395,0.00025911566999381463,6.4
0.4,1.0,1.4,3.0,0.2,59,8.0,0.75,2.2137442334813073e-07,1.767150429810016e-05,0.047808858124489984,1.8
0.4,1.0,1.4,4.0,0.2,59,9.0,0.8,1.7145645103688878e-07,1.572817047967856e-05,0.007353985908268745,2.5
0.4,1.0,1.4,5.0,0.2,59,10.0,0.85,1.5401268149695113e-07,2.0414195280427094e-05,0.0014974269171701415,2.9
0.4,1.0,1.4,6.0,0.2,59,11.0,0.85,5.887884799715692e-07,3.0364045838893183e-05,0.0015225635150160066,3.5
0.4,1.0,1.4,7.0,0.2,59,12.0,0.85,5.913416760705559e-07,4.3674388891634663e-05,0.0013065388268627132,4.2
0.4,1.0,1.4,8.0,0.2,59,13.0,0.9,6.210468639356037e-07,5.6887998795329686e-05,6.300556087301956e-06,4.8
0.4,1.0,1.4,9.0,0.2,59,14.0,0.9,6.837257855440981e-07,7.604584469544928e-05,0.00025773586559152406,4.9
0.4,1.0,1.4,10.0,0.2,59,15.0,0.9,7.960387367056398e-07,0.00011384317278217981,0.00035635314621629277,5.6
0.4,1.2,1.6,3.0,0.2,52,8.0,0.75,1.9940885498392902e-07,2.6095242615653547e-06,0.04777350617718046,1.6
0.4,1.2,1.6,4.0,0.2,52,9.0,0.8,1.7738187840787845e-07,1.7180642980174632e-05,0.007771177281113095,2.4
0.4,1.2,1.6,5.0,0.2,52,10.0,0.85,1.5778003081834413e-07,2.129007354567669e-05,0.0012682299061452795,2.7
0.4,1.2,1.6,6.0,0.2,52,11.0,0.85,5.997855705430766e-07,3.105036119810389e-05,0.0011556941414978539,3.1
0.4,1.2,1.6,7.0,0.2,52,12.0,0.85,5.995975385086894e-07,4.433231557199324e-05,0.0013279896498792354,3.5
0.4,1.2,1.6,8.0,0.2,52,13.0,0.9,6.269668606506684e-07,5.7471248336216085e-05,0.0003238287206230872,4.0
0.4,1.2,1.6,9.0,0.2,52,14.0,0.9,6.870715792972604e-07,7.64655341094489e-05,3.202703659788142e-05,4.5
0.4,1.2,1.6,10.0,0.2,52,15.0,0.9,7.956922215557327e-07,0.00011386113072697768,2.1179230826007256e-05,5.2
0.4,1.6,2.0,3.0,0.2,41,8.0,0.75,3.1472428707601807e-07,4.455649954215879e-06,0.042231831346563276,1.4
0.4,1.6,2.0,4.0,0.2,41,9.0,0.8,1.915551700593099e-07,1.3755380368407621e-05,0.009048971707010356,1.9
0.4,1.6,2.0,5.0,0.2,41,10.0,0.85,1.739336694672744e-07,2.3803165536073756e-05,0.002055425256260124,2.1
0.4,1.6,2.0,6.0,0.2,41,11.0,0.85,6.572137075666618e-07,3.379618644927529e-05,0.0024174282138216263,2.6
0.4,1.6,2.0,7.0,0.2,41,12.0,0.85,6.563215135813039e-07,4.8678752555653126e-05,0.001836101679003832,2.7
0.4,1.6,2.0,8.0,0.2,41,13.0,0.9,6.878003269150668e-07,6.313034586102884e-05,0.0006537069054906031,3.2
0.4,1.6,2.0,9.0,0.2,41,14.0,0.9,7.584355200540571e-07,8.452078132858976e-05,0.00015745044011228337,3.5
0.4,1.6,2.0,10.0,0.2,41,15.0,0.9,8.880371278330301e-07,0.00012723091487787386,4.9099782049033536e-06,3.9
0.4,2.4,2.8,3.0,0.2,30,8.6,0.75,1.2798833135541088e-06,5.9421162181161336e-05,0.00732111313274908,1.4
0.4,2.4,2.8,4.0,0.2,30,9.6,0.8,4.080646377468966e-07,6.900428417588866e-05,0.006815814304232504,1.6
0.4,2.4,2.8,5.0,0.2,30,10.6,0.85,2.1606498534776364e-07,5.2698531832318096e-05,0.006771439870365326,1.7
0.4,2.4,2.8,6.0,0.2,30,11.6,0.85,7.248109185065132e-07,4.227150969782212e-05,0.0020473407444014935,2.0
0.4,2.4,2.8,7.0,0.2,30,12.6,0.85,7.033809861223261e-07,5.3104543885296174e-05,0.0023510435185440937,2.4
0.4,2.4,2.8,8.0,0.2,30,13.6,0.85,7.249926584629307e-07,6.64918733929154e-05,0.001082030752842078,2.7
0.4,2.4,2.8,9.0,0.2,30,14.6,0.85,7.867624571833431e-07,9.497899279597988e-05,0.0015091417235648663,2.8
0.4,2.4,2.8,10.0,0.2,30,15.6,0.9,9.044499232890857e-07,0.0001297214277462544,0.0009990796726682127,3.1
0.5,0.4,0.9,3.0,0.2,91,8.0,0.8,1.9932128447752717e-07,1.323580158441029e-05,0.04574815907788676,2.4
0.5,0.4,0.9,4.0,0.2,91,9.0,0.85,1.5892124349825565e-07,1.5270096132335986e-05,0.0040453563807874016,3.2
0.5,0.4,0.9,5.0,0.2,91,10.0,0.9,1.4364202438610363e-07,1.887453049098653e-05,0.0004807358290130903,4.0
0.5,0.4,0.9,6.0,0.2,91,11.0,0.9,5.540410228377368e-07,2.8547624603025845e-05,0.00028068264560654477,5.2
0.5,0.4,0.9,7.0,0.2,91,12.0,0.9,5.603020517552793e-07,4.131520102346187e-05,0.000252177853034663,5.7
0.5,0.4,0.9,8.0,0.2,91,13.0,0.9,5.919896408634884e-07,5.413774634788204e-05,5.412800437309961e-06,6.5
0.5,0.4,0.9,9.0,0.2,91,14.0,0.9,6.553351399318785e-07,7.278980574032534e-05,0.00021000695914341616,7.0
0.5,0.4,0.9,10.0,0.2,91,15.0,0.9,7.672390623936209e-07,0.00010958442348096842,0.0003207244482860139,8.0
0.5,0.5,1.0,3.0,0.25,82,8.0,0.75,2.9710223081735876e-07,9.673625864237145e-06,0.04239797571528636,1.2
0.5,0.5,1.0,4.0,0.25,82,9.0,0.8,2.462646745415853e-07,1.4433529267776635e-05,0.0029212631399218036,1.5
0.5,0.5,1.0,5.0,0.25,82,10.0,0.85,2.2377736363932144e-07,2.0475147953780137e-05,0.002816788625455535,1.9
0.5,0.5,1.0,6.0,0.25,82,11.0,0.85,2.1594428756266382e-07,2.8437113127388614e-05,0.0027380037083348796,2.1
0.5,0.5,1.0,7.0,0.25,82,12.0,0.9,2.1841719499704482e-07,3.913622198159494e-05,0.00010418937616196722,2.5
0.5,0.5,1.0,8.0,0.25,82,13.0,0.9,9.220863075309893e-07,5.3987867483451524e-05,5.915615968032917e-05,3.3
0.5,0.5,1.0,9.0,0.25,82,14.0,0.9,1.0209551802864425e-06,7.562751186196426e-05,0.00018114443405270464,3.7
0.5,0.5,1.0,10.0,0.25,82,15.0,0.9,1.1950873922694782e-06,0.00010926238239417074,0.00027348060108167704,3.9
0.5,0.8,1.3,3.0,0.25,63,8.0,0.75,3.539791624262989e-07,8.782187079359183e-05,0.020514317902559087,1.1
0.5,0.8,1.3,4.0,0.25,63,9.0,0.7,2.4167350509696206e-06,0.00024562891483026483,0.004693053934667457,1.5
0.5,0.8,1.3,5.0,0.25,63,10.0,0.8,6.927041669158029e-07,5.755866766365969e-05,0.003898710988332832,1.7
0.5,0.8,1.3,6.0,0.25,63,11.0,0.85,1.298840102137433e-08,3.376735437821132e-05,0.004302207179309514,2.1
0.5,0.8,1.3,7.0,0.25,63,12.0,0.85,2.5791515445572344e-07,4.61157967891479e-05,0.0011556859304433509,2.3
0.5,0.8,1.3,8.0,0.25,63,13.0,0.9,1.0359682433014328e-06,6.398593750622794e-05,0.0008615844367432235,2.6
0.5,0.8,1.3,9.0,0.25,63,14.0,0.9,9.96305688727439e-07,5.8793420858682666e-05,0.0005721215039040661,2.9
0.5,0.8,1.3,10.0,0.25,63,15.0,0.9,1.342869709874961e-06,0.0001432255562585638,0.0007846038618722906,3.4
0.5,1.0,1.5,3.0,0.25,55,8.0,0.7,2.9540727231047725e-07,4.0816592239423244e-07,0.051194865421927194,0.9
0.5,1.0,1.5,4.0,0.25,55,9.0,0.75,2.643653611578145e-07,1.447385884656427e-05,0.00665277499721828,1.1
0.5,1.0,1.5,5.0,0.25,55,10.0,0.85,2.381080295155158e-07,2.1672444910914024e-05,0.006454937364540836,1.5
0.5,1.0,1.5,6.0,0.25,55,11.0,0.85,2.2784005926368422e-07,3.0035108272707944e-05,0.006331818206949391,1.8
0.5,1.0,1.5,7.0,0.25,55,12.0,0.9,2.2896543006023506e-07,4.1090777772367915e-05,0.0009075965389242491,2.1
0.5,1.0,1.5,8.0,0.25,55,13.0,0.9,9.617517482407578e-07,5.639194182049945e-05,0.0008713915144251683,2.3
0.5,1.0,1.5,9.0,0.25,55,14.0,0.9,1.0605104459049386e-06,7.866025714242664e-05,4.135050370335236e-06,2.6
0.5,1.0,1.5,10.0,0.25,55,15.0,0.9,1.2370326826216527e-06,0.00011323098397941767,8.143752407441252e-05,3.1
0.5,1.2,1.7,3.0,0.25,49,8.0,0.75,7.811499456167326e-07,4.170177406415121e-05,0.01750498749934848,1.0
0.5,1.2,1.7,4.0,0.25,49,9.0,0.8,2.2643387520560054e-07,3.703594114501385e-05,0.0033071217089724048,1.4
0.5,1.2,1.7,5.0,0.25,49,10.0,0.85,2.682669962839057e-07,2.490907899477257e-05,0.00315783422155147,1.7
0.5,1.2,1.7,6.0,0.25,49,11.0,0.85,1.685740697032756e-07,2.0095325399704933e-05,0.0024878625227868767,1.9
0.5,1.2,1.7,7.0,0.25,49,12.0,0.9,2.633594619050328e-07,4.29605351376372e-05,0.0007902753522766037,2.2
0.5,1.2,1.7,8.0,0.25,49,13.0,0.9,9.788543331445965e-07,5.4637276024949166e-05,0.0005818702816442478,2.5
0.5,1.2,1.7,9.0,0.25,49,14.0,0.9,1.0426338786784228e-06,7.498376712822274e-05,9.922306343657095e-05,2.9
0.5,1.2,1.7,10.0,0.25,49,15.0,0.9,1.3051428099375428e-06,0.00012430845884892072,0.00023458109003704486,3.1
0.5,1.6,2.1,3.0,0.25,40,8.0,0.75,1.0764723019640599e-06,7.372992854559612e-05,0.016541222963835756,0.9
0.5,1.6,2.1,4.0,0.25,40,9.0,0.75,4.137737947829123e-07,2.06686386827748e-06,0.003990769828460028,1.2
0.5,1.6,2.1,5.0,0.25,40,10.0,0.8,2.446394261612639e-07,1.1225534497838474e-05,0.003597139739680122,1.5
0.5,1.6,2.1,6.0,0.25,40,11.0,0.85,1.3429075140791724e-07,4.104669424354057e-06,0.004412101327432083,1.7
0.5,1.6,2.1,7.0,0.25,40,12.0,0.85,2.985503747554574e-07,5.635866139030998e-05,0.001548837510095158,1.8
0.5,1.6,2.1,8.0,0.25,40,13.0,0.9,1.1863870749140304e-06,7.131956821460061e-05,0.0007319371636020922,2.1
0.5,1.6,2.1,9.0,0.25,40,14.0,0.9,1.0218344947965363e-06,7.153421706007634e-05,0.0004293537634176836,2.3
0.5,1.6,2.1,10.0,0.25,40,15.0,0.95,1.260876555608803e-06,0.00011187944396551242,0.00045348810884593416,2.5
0.5,2.4,2.9,3.0,0.25,29,8.8,0.7,1.394728392556388e-06,0.00010716773848939987,0.013178069601938791,0.9
0.5,2.4,2.9,4.0,0.25,29,9.8,0.75,2.221403194724303e-07,3.357920359547961e-06,0.003152540873587961,1.0
0.5,2.4,2.9,5.0,0.25,29,10.8,0.85,8.301112949249401e-07,0.00010413292524702467,0.0019209668175834693,1.1
0.5,2.4,2.9,6.0,0.25,29,11.8,0.85,1.6261608404288808e-07,4.5595705626677585e-06,0.0031453531983334226,1.3
0.5,2.4,2.9,7.0,0.25,29,12.8,0.9,2.0715906656754157e-07,4.82333635020149e-05,8.306428976823099e-05,1.5
0.5,2.4,2.9,8.0,0.25,29,13.8,0.9,4.973553059395286e-07,1.2862864370855043e-05,0.00012665218625129704,1.6
0.5,2.4,2.9,9.0,0.25,29,14.8,0.9,1.4470650432363286e-06,0.000112294987184125,0.0003565817009458794,1.7
0.5,2.4,2.9,10.0,0.25,29,15.8,0.8,1.8908497068093055e-06,0.00019544255721959392,0.0018720102080743706,1.9
0.8,0.4,1.2000000000000002,3.0,0.2,68,8.0,0.75,1.8084613262470128e-07,3.679801574785202e-06,0.20460365840444616,1.4
0.8,0.4,1.2000000000000002,4.0,0.2,68,9.0,0.8,1.530590442166968e-07,1.4238262397991974e-05,0.026615219932109246,2.2
0.8,0.4,1.2000000000000002,5.0,0.2,68,10.0,0.85,1.395600441878031e-07,1.8488790906268093e-05,0.004112601847712671,2.5
0.8,0.4,1.2000000000000002,6.0,0.2,68,11.0,0.85,5.40390180492345e-07,2.7813329609771564e-05,0.003622807961800145,3.3
0.8,0.4,1.2000000000000002,7.0,0.2,68,12.0,0.85,5.491431713799955e-07,4.0461551440995613e-05,0.003957630680038182,3.7
0.8,0.4,1.2000000000000002,8.0,0.2,68,13.0,0.9,5.83247898977568e-07,5.3319030631326925e-05,0.0003243642683963266,4.4
0.8,0.4,1.2000000000000002,9.0,0.2,68,14.0,0.9,6.497262866611564e-07,7.21414788608099e-05,6.179106746029284e-05,4.6
0.8,0.4,1.2000000000000002,10.0,0.2,68,15.0,0.9,7.664941116258817e-07,0.00010944180169381035,0.0002675788261226053,5.5
0.8,0.5,1.3,3.0,0.25,63,8.0,0.7,1.519564882812574e-06,8.589151046556331e-05,0.0780955135657262,0.9
0.8,0.5,1.3,4.0,0.25,63,9.0,0.75,5.536301923569908e-07,7.470590747016281e-05,0.010191519111171665,1.1
0.8,0.5,1.3,5.0,0.25,63,10.0,0.8,2.3096273304989978e-07,7.864325254125504e-06,0.009417135920511077,1.3
0.8,0.5,1.3,6.0,0.25,63,11.0,0.85,1.677186649562401e-07,1.0049103732145959e-05,0.009031514116136119,1.5
0.8,0.5,1.3,7.0,0.25,63,12.0,0.85,2.1981045028596213e-07,3.681243062891859e-05,0.0015789638773340275,1.8
0.8,0.5,1.3,8.0,0.25,63,13.0,0.85,9.276330548146916e-07,5.380937147003717e-05,0.0012997475910918599,2.6
0.8,0.5,1.3,9.0,0.25,63,14.0,0.9,1.006885550047798e-06,7.17267227779983e-05,8.334193444081706e-05,2.9
0.8,0.5,1.3,10.0,0.25,63,15.0,0.9,1.2126160732206515e-06,0.00011404970794470781,0.00021337291360712385,3.2
0.8,0.8,1.6,3.0,0.25,52,8.0,0.6,1.8199383187145202e-06,0.00017395995687397026,0.08809381749248302,0.9
0.8,0.8,1.6,4.0,0.25,52,9.0,0.75,4.0756118202534e-07,1.1663132691852596e-05,0.013585221870032527,1.3
0.8,0.8,1.6,5.0,0.25,52,10.0,0.75,8.630278411914105e-07,0.00012682469109037697,0.013993194144196197,1.4
0.8,0.8,1.6,6.0,0.25,52,11.0,0.85,6.356542587848679e-07,0.00011629977641647304,0.01190884602815534,1.6
0.8,0.8,1.6,7.0,0.25,52,12.0,0.85,1.802409093087931e-07,2.457071410111311e-05,0.003173262132450727,1.8
0.8,0.8,1.6,8.0,0.25,52,13.0,0.8,4.3579631525680895e-07,6.964075180748708e-06,0.004454810400315035,2.3
0.8,0.8,1.6,9.0,0.25,52,14.0,0.9,1.4251233874107427e-06,0.00014386946195565908,0.0002266428763884054,2.6
0.8,0.8,1.6,10.0,0.25,52,15.0,0.85,9.647255987399461e-07,5.79755888107103e-05,0.0010327225047117583,2.8
0.8,1.0,1.8,3.0,0.25,46,8.0,0.7,2.089575828589929e-06,0.00013500913839115114,0.08304133842340433,0.8
0.8,1.0,1.8,4.0,0.25,46,9.0,0.75,2.6869018820985247e-06,0.0001736732116826012,0.012942401920704949,1.1
0.8,1.0,1.8,5.0,0.25,46,10.0,0.75,1.7360921940046126e-06,0.00022661266917767264,0.01431071074670287,1.2
0.8,1.0,1.8,6.0,0.25,46,11.0,0.85,4.500322892120323e-08,1.2301447231077844e-05,0.013239144815214043,1.4
0.8,1.0,1.8,7.0,0.25,46,12.0,0.85,9.600492290040563e-07,0.00024150673396461375,0.0013049479759152938,1.6
0.8,1.0,1.8,8.0,0.25,46,13.0,0.8,7.909487755863864e-07,0.00012521667582499063,0.003974445882762412,2.1
0.8,1.0,1.8,9.0,0.25,46,14.0,0.9,9.262914782981468e-07,5.79787588886882e-05,0.00067773789930059,2.3
0.8,1.0,1.8,10.0,0.25,46,15.0,0.7,2.055950039547838e-06,0.0002813865647449676,0.0018596721169956698,2.6
0.8,1.2,2.0,3.0,0.25,41,8.0,0.6,4.1427255748072156e-07,6.146683686125698e-05,0.1235261430617478,0.7
0.8,1.2,2.0,4.0,0.25,41,9.0,0.7,2.5835794370543397e-07,6.221817471563362e-06,0.022423908836589623,0.9
0.8,1.2,2.0,5.0,0.25,41,10.0,0.8,2.4308120438742975e-07,2.3307692824769966e-05,0.02094879930294269,1.2
0.8,1.2,2.0,6.0,0.25,41,11.0,0.8,2.319385297155918e-07,3.028862224729867e-05,0.02125375247145822,1.4
0.8,1.2,2.0,7.0,0.25,41,12.0,0.85,2.3362497458823128e-07,4.203868381114084e-05,0.004149914114424114,1.5
0.8,1.2,2.0,8.0,0.25,41,13.0,0.85,9.85168180034357e-07,5.777088821357079e-05,0.004537934409273081,1.8
0.8,1.2,2.0,9.0,0.25,41,14.0,0.9,1.0930809141163067e-06,8.111722199821703e-05,0.00061148467113048,2.0
0.8,1.2,2.0,10.0,0.25,41,15.0,0.9,1.28662266996038e-06,0.00011781396606180827,0.0008654983799309957,2.2
0.8,1.6,2.4000000000000004,3.0,0.25,35,8.0,0.6,1.0534469069289898e-06,0.00019182674969120406,0.07904551319032826,0.7
0.8,1.6,2.4000000000000004,4.0,0.25,35,9.0,0.65,2.1680661133061108e-06,0.00022402518039865704,0.017577295756111555,0.9
0.8,1.6,2.4000000000000004,5.0,0.25,35,10.0,0.75,1.5726317226238962e-07,1.0006004324214501e-05,0.014082549677899348,1.1
0.8,1.6,2.4000000000000004,6.0,0.25,35,11.0,0.8,4.3355647028064936e-07,5.00955112283652e-05,0.01501802210369041,1.2
0.8,1.6,2.4000000000000004,7.0,0.25,35,12.0,0.85,7.647035362712273e-07,0.00018468252572989563,0.003805928425700822,1.5
0.8,1.6,2.4000000000000004,8.0,0.25,35,13.0,0.8,8.461958378447321e-08,5.054815794891532e-05,0.005835831543960612,1.6
0.8,1.6,2.4000000000000004,9.0,0.25,35,14.0,0.9,1.24673520507379e-07,1.6208981575394077e-05,0.0007535769422133409,1.9
0.8,1.6,2.4000000000000004,10.0,0.25,35,15.0,0.9,1.7604175629459817e-06,0.00018155697509403268,0.0005943844304505674,2.0
0.8,2.4,3.2,3.0,0.25,26,9.4,0.5,6.506771951686474e-06,0.0006693951363985207,0.06829016382784192,0.7
0.8,2.4,3.2,4.0,0.25,26,10.4,0.65,1.0887800954151317e-06,0.00022234198209614142,0.018642439797585952,0.8
0.8,2.4,3.2,5.0,0.25,26,11.4,0.7,3.165129187632232e-07,0.00012091059176255747,0.01822694893407406,1.0
0.8,2.4,3.2,6.0,0.25,26,12.4,0.8,4.2705508196405617e-07,5.105183050135853e-05,0.014703819113775607,1.2
0.8,2.4,3.2,7.0,0.25,26,13.4,0.8,4.4420008393775134e-07,9.063203335490932e-05,0.003978992389189084,1.2
0.8,2.4,3.2,8.0,0.25,26,14.4,0.85,1.1550385718983591e-06,6.730356792361558e-05,0.004304213911213495,1.4
0.8,2.4,3.2,9.0,0.25,26,15.4,0.85,7.327800937151352e-07,4.0166235764860225e-05,0.0016832271513169683,1.5
0.8,2.4,3.2,10.0,0.25,26,16.4,0.9,1.0607851851363037e-06,8.414871524586864e-05,0.00020878028183268782,1.6
1.0,0.4,1.4,3.0,0.2,59,8.0,0.7,1.4996199670935795e-07,3.0272407329778872e-05,0.32114308042558903,1.4
1.0,0.4,1.4,4.0,0.2,59,9.0,0.75,1.498699716551144e-07,1.358043424504185e-05,0.05182961997168323,1.9
1.0,0.4,1.4,5.0,0.2,59,10.0,0.8,1.360026417041027e-07,1.821060437667832e-05,0.00894431427563025,2.4
1.0,0.4,1.4,6.0,0.2,59,11.0,0.8,5.245636915951479e-07,2.704129539099487e-05,0.008466115334120339,2.8
1.0,0.4,1.4,7.0,0.2,59,12.0,0.85,5.312039247362677e-07,3.914299919438591e-05,0.008700458834069114,3.3
1.0,0.4,1.4,8.0,0.2,59,13.0,0.85,5.619508139931284e-07,5.1370038980813604e-05,0.0018160479763484894,4.0
1.0,0.4,1.4,9.0,0.2,59,14.0,0.9,6.227671243141941e-07,6.914618619402457e-05,0.0003990338994108722,4.4
1.0,0.4,1.4,10.0,0.2,59,15.0,0.9,7.29440464031228e-07,0.00010414873912723,0.0003132747421716875,4.9
1.0,0.5,1.5,3.0,0.25,55,8.0,0.7,3.485149330240134e-07,1.7952870101645146e-07,0.20666408408650994,0.7
1.0,0.5,1.5,4.0,0.25,55,9.0,0.75,2.408468436909672e-07,1.56552137177135e-05,0.02733307748754088,1.0
1.0,0.5,1.5,5.0,0.25,55,10.0,0.8,2.162156804708104e-07,2.010950075725937e-05,0.026436683877453016,1.3
1.0,0.5,1.5,6.0,0.25,55,11.0,0.85,2.0813272805231264e-07,2.74597889645678e-05,0.025822793009780298,1.6
1.0,0.5,1.5,7.0,0.25,55,12.0,0.85,2.1039152720003784e-07,3.770159246485605e-05,0.0035458290006671334,1.6
1.0,0.5,1.5,8.0,0.25,55,13.0,0.85,8.884980445822421e-07,5.2015609169231425e-05,0.0033979502023158137,1.8
1.0,0.5,1.5,9.0,0.25,55,14.0,0.9,9.845850404976986e-07,7.292455903684658e-05,0.0002316572636054115,2.4
1.0,0.5,1.5,10.0,0.25,55,15.0,0.9,1.1537857750321123e-06,0.0001054745625207465,9.319100608040642e-05,2.7
1.0,0.8,1.8,3.0,0.25,46,8.0,0.6,6.348324502081226e-06,0.00038249123243239147,0.15258825911750096,0.8
1.0,0.8,1.8,4.0,0.25,46,9.0,0.7,2.561996753747131e-06,0.00011888545137750395,0.025193572726788904,0.9
1.0,0.8,1.8,5.0,0.25,46,10.0,0.7,2.600317282164255e-06,0.00033166040758447757,0.027273112900071617,1.2
1.0,0.8,1.8,6.0,0.25,46,11.0,0.8,1.2050510722616536e-07,5.847604659292571e-05,0.02524846813694781,1.4
1.0,0.8,1.8,7.0,0.25,46,12.0,0.85,1.2664301626275076e-06,0.0003116838475131223,0.0036678374991963025,1.6
1.0,0.8,1.8,8.0,0.25,46,13.0,0.75,1.6617277274200148e-06,0.0002081838540644032,0.007438034995242759,2.0
1.0,0.8,1.8,9.0,0.25,46,14.0,0.85,8.126726795953942e-07,4.114129227139607e-05,0.0017544317152853317,2.2
1.0,0.8,1.8,10.0,0.25,46,15.0,0.65,2.4043849091714975e-06,0.00035387287942123535,0.0016773925369270026,2.5
1.0,1.0,2.0,3.0,0.25,41,8.0,0.6,1.204531118181862e-07,0.00017038014994152917,0.23008303162028843,0.7
1.0,1.0,2.0,4.0,0.25,41,9.0,0.7,2.539373007426349e-07,5.956753764913003e-06,0.042351764959783766,0.9
1.0,1.0,2.0,5.0,0.25,41,10.0,0.75,2.2937738974881938e-07,2.0574776907089642e-05,0.0409606388906536,1.1
1.0,1.0,2.0,6.0,0.25,41,11.0,0.8,2.2044627590034338e-07,2.9044208665784943e-05,0.04006182967584837,1.2
1.0,1.0,2.0,7.0,0.25,41,12.0,0.8,2.2280016154230253e-07,3.996471806533286e-05,0.008668898093854294,1.4
1.0,1.0,2.0,8.0,0.25,41,13.0,0.85,9.425320919298485e-07,5.5237939234786815e-05,0.00847589657129566,1.7
1.0,1.0,2.0,9.0,0.25,41,14.0,0.85,1.048790618018991e-06,7.775620035499475e-05,0.0017409535538250864,2.0
1.0,1.0,2.0,10.0,0.25,41,15.0,0.85,1.2378118917633074e-06,0.00011325625391189753,0.0016121959087576077,2.2
1.0,1.2,2.2,3.0,0.25,38,8.0,0.6,4.936674047328893e-07,0.000173072224713966,0.14483142215865952,0.9
1.0,1.2,2.2,4.0,0.25,38,9.0,0.7,1.5961053874136155e-06,0.00012040166496929405,0.02650583023268349,1.0
1.0,1.2,2.2,5.0,0.25,38,10.0,0.7,7.797577556978297e-07,0.00011898862269910104,0.029332545702223545,1.2
1.0,1.2,2.2,6.0,0.25,38,11.0,0.8,7.775350807648351e-08,2.993343501578316e-05,0.027455442469732416,1.5
1.0,1.2,2.2,7.0,0.25,38,12.0,0.8,5.981047884739965e-07,0.00012375781787976603,0.006279753645457964,1.6
1.0,1.2,2.2,8.0,0.25,38,13.0,0.85,1.2137039142601225e-06,8.123199774490164e-05,0.006323773431567314,1.8
1.0,1.2,2.2,9.0,0.25,38,14.0,0.85,1.1919201947652169e-07,3.377126696602062e-05,0.0013742168018715528,2.1
1.0,1.2,2.2,10.0,0.25,38,15.0,0.85,1.2509701826646236e-06,0.00011667609601095918,0.0015258790531438304,2.3
1.0,1.6,2.6,3.0,0.25,32,8.2,0.5,5.572272585574467e-07,0.0004193182540703777,0.13631764360682963,0.7
1.0,1.6,2.6,4.0,0.25,32,9.2,0.65,2.8319365084072956e-06,0.00030984771154463076,0.033175859923337825,1.0
1.0,1.6,2.6,5.0,0.25,32,10.2,0.75,1.0031222191786426e-06,0.00010117078437454907,0.029500147085684603,1.1
1.0,1.6,2.6,6.0,0.25,32,11.2,0.75,2.1829593133126934e-07,5.187149350716069e-06,0.028806655142362914,1.3
1.0,1.6,2.6,7.0,0.25,32,12.2,0.8,2.545381390106627e-07,4.704152938395101e-05,0.008357570411650528,1.3
1.0,1.6,2.6,8.0,0.25,32,13.2,0.85,4.656881646969424e-07,2.1879057928497758e-05,0.007775503178239607,1.5
1.0,1.6,2.6,9.0,0.25,32,14.2,0.8,9.039879063088563e-07,4.5876310237003004e-05,0.0027399186145484755,1.7
1.0,1.6,2.6,10.0,0.25,32,15.2,0.9,1.7507791671977913e-06,0.00020298642882676798,0.0009561774087067931,1.8
1.0,2.4,3.4,3.0,0.25,25,9.8,0.45,1.112313081264027e-05,0.0012518850496689993,0.12302093754328869,0.7
1.0,2.4,3.4,4.0,0.25,25,10.8,0.55,2.831238771205946e-06,0.0004098155778109458,0.03209385930696507,0.8
1.0,2.4,3.4,5.0,0.25,25,11.8,0.7,5.327425486312265e-07,7.257499128765499e-05,0.026526822991982835,0.9
1.0,2.4,3.4,6.0,0.25,25,12.8,0.8,8.704343303911344e-07,0.00015148215609850357,0.022989585360868148,1.1
1.0,2.4,3.4,7.0,0.25,25,13.8,0.8,8.045018140556692e-07,0.00016704244637744114,0.007817037420208894,1.2
1.0,2.4,3.4,8.0,0.25,25,14.8,0.8,9.043212777504195e-07,5.331198741065357e-05,0.00918393402353801,1.3
1.0,2.4,3.4,9.0,0.25,25,15.8,0.8,8.282421877225943e-07,0.00010853861356996397,0.004970321164703639,1.4
1.0,2.4,3.4,10.0,0.25,25,16.8,0.8,2.0507996878471602e-07,6.289295387862381e-05,0.006062844645371213,1.6
1.2,0.4,1.6,3.0,0.2,52,8.0,0.6,2.3823481076767905e-07,4.148810603088471e-05,0.4462312060743143,1.1
1.2,0.4,1.6,4.0,0.2,52,9.0,0.7,1.4654944224812283e-07,9.262833089440647e-06,0.08623609117017206,1.8
1.2,0.4,1.6,5.0,0.2,52,10.0,0.75,1.3385735386783892e-07,1.677107964115354e-05,0.020074207394692678,2.1
1.2,0.4,1.6,6.0,0.2,52,11.0,0.8,5.150611994686471e-07,2.626183920717562e-05,0.019764225744330455,2.6
1.2,0.4,1.6,7.0,0.2,52,12.0,0.8,5.202595080300298e-07,3.8305525985826705e-05,0.018682055823608934,2.9
1.2,0.4,1.6,8.0,0.2,52,13.0,0.85,5.490431168597709e-07,5.019255993732319e-05,0.003583915559822737,3.5
1.2,0.4,1.6,9.0,0.2,52,14.0,0.9,6.068000395487161e-07,6.737312962246111e-05,0.00021708203812398352,3.7
1.2,0.4,1.6,10.0,0.2,52,15.0,0.9,7.082188585583182e-07,0.00010111724328898397,2.0682819621198334e-05,4.6
1.2,0.5,1.7,3.0,0.25,49,8.0,0.6,6.75871443878151e-06,0.00040291720087504146,0.22829001605632415,0.7
1.2,0.5,1.7,4.0,0.25,49,9.0,0.7,6.347592669264657e-07,2.220043613965217e-05,0.03503902510209289,0.9
1.2,0.5,1.7,5.0,0.25,49,10.0,0.75,1.8966435377798518e-07,5.2030495845123426e-06,0.032048860246575384,1.1
1.2,0.5,1.7,6.0,0.25,49,11.0,0.8,5.636276481091329e-07,0.00013974342146116925,0.034253854969768405,1.3
1.2,0.5,1.7,7.0,0.25,49,12.0,0.85,5.531211396681002e-07,0.00013356923854124236,0.00627604301948792,1.5
1.2,0.5,1.7,8.0,0.25,49,13.0,0.85,7.524981150419663e-07,3.3873655997607166e-05,0.006922039895484788,1.7
1.2,0.5,1.7,9.0,0.25,49,14.0,0.85,4.7640090927725254e-07,8.465070928664886e-06,0.0018280613001016022,2.2
1.2,0.5,1.7,10.0,0.25,49,15.0,0.8,1.5274787221741803e-06,0.0001920496507744618,0.0008851086409118469,2.6
1.2,0.8,2.0,3.0,0.25,41,8.0,0.6,1.199615697888845e-07,0.00017039625032855277,0.23008307945104556,0.6
1.2,0.8,2.0,4.0,0.25,41,9.0,0.7,2.531090019797233e-07,5.907995565213042e-06,0.04235189503635084,0.8
1.2,0.8,2.0,5.0,0.25,41,10.0,0.75,2.282649560481076e-07,2.0472902759194334e-05,0.04096091091646059,0.9
1.2,0.8,2.0,6.0,0.25,41,11.0,0.8,2.1908929914715713e-07,2.886528534762345e-05,0.040062334950325074,1.1
1.2,0.8,2.0,7.0,0.25,41,12.0,0.8,2.2121111620254652e-07,3.9679718486285154e-05,0.008669642705396718,1.3
1.2,0.8,2.0,8.0,0.25,41,13.0,0.85,9.351608103447262e-07,5.48059922111932e-05,0.008477061074068093,1.8
1.2,0.8,2.0,9.0,0.25,41,14.0,0.85,1.0401061849574234e-06,7.711243414565416e-05,0.0017426227573085207,1.9
1.2,0.8,2.0,10.0,0.25,41,15.0,0.85,1.2272081504338672e-06,0.00011228618841518934,0.0016147653932327977,2.2
1.2,1.0,2.2,3.0,0.25,38,8.0,0.5,3.493891671535465e-07,0.00030625925372129714,0.22917957739787975,0.6
1.2,1.0,2.2,4.0,0.25,38,9.0,0.65,1.8632284293218504e-06,0.00018552402695948267,0.046077039825777044,0.8
1.2,1.0,2.2,5.0,0.25,38,10.0,0.75,1.6595189722412584e-07,1.2257838614693206e-05,0.044977104043919525,0.9
1.2,1.0,2.2,6.0,0.25,38,11.0,0.75,8.911405413591922e-08,5.551370042899961e-05,0.04550727406570587,1.1
1.2,1.0,2.2,7.0,0.25,38,12.0,0.8,1.97744599139682e-07,3.2926108658348774e-05,0.01068344153848888,1.2
1.2,1.0,2.2,8.0,0.25,38,13.0,0.8,7.828926212871679e-07,2.864535306368321e-05,0.011258197929694624,1.7
1.2,1.0,2.2,9.0,0.25,38,14.0,0.85,9.862031773444357e-07,6.806038188311714e-05,0.0027519344708804017,1.9
1.2,1.0,2.2,10.0,0.25,38,15.0,0.85,1.1693960555447802e-06,0.00010415640853123076,0.0024484283533650064,2.2
1.2,1.2,2.4,3.0,0.25,35,8.0,0.5,2.827093514845558e-07,0.0004417708107049556,0.22654749267857177,0.7
1.2,1.2,2.4,4.0,0.25,35,9.0,0.65,1.882363312555313e-06,0.00020148073732673133,0.04878479568515681,0.8
1.2,1.2,2.4,5.0,0.25,35,10.0,0.7,8.407034770563371e-07,0.00011247657624480212,0.048072138405178766,0.9
1.2,1.2,2.4,6.0,0.25,35,11.0,0.75,5.71559771844754e-07,7.43044627888878e-05,0.04554560879401914,1.1
1.2,1.2,2.4,7.0,0.25,35,12.0,0.8,7.970946117596966e-07,0.0001812668806060458,0.011311168406289429,1.2
1.2,1.2,2.4,8.0,0.25,35,13.0,0.8,3.5896192640549884e-07,6.388145104563314e-05,0.012995558906697235,1.6
1.2,1.2,2.4,9.0,0.25,35,14.0,0.8,3.038697027335502e-07,7.099199787830024e-05,0.004504846010698671,1.8
1.2,1.2,2.4,10.0,0.25,35,15.0,0.85,1.8505369822063855e-06,0.00020413088806292556,0.0027150894508651824,2.0
1.2,1.6,2.8,3.0,0.25,30,8.6,0.5,4.662334126548373e-06,0.0009243713480315829,0.21420870484893273,0.6
1.2,1.6,2.8,4.0,0.25,30,9.6,0.65,6.087472055327225e-07,7.596907820373033e-06,0.048035549003696554,0.7
1.2,1.6,2.8,5.0,0.25,30,10.6,0.7,6.945728261431583e-07,9.68012558109077e-05,0.046336438184248596,0.8
1.2,1.6,2.8,6.0,0.25,30,11.6,0.75,4.974496328191691e-07,8.932586705323597e-05,0.04479062762143737,0.9
1.2,1.6,2.8,7.0,0.25,30,12.6,0.75,1.208911488692621e-07,7.103673787201004e-05,0.014836456934228304,1.3
1.2,1.6,2.8,8.0,0.25,30,13.6,0.8,6.547404206580509e-07,3.784439056886413e-05,0.014181399765917257,1.4
1.2,1.6,2.8,9.0,0.25,30,14.6,0.8,9.454527397645407e-07,5.471250733857236e-05,0.0055956242156243174,1.7
1.2,1.6,2.8,10.0,0.25,30,15.6,0.85,1.4250848329178112e-06,0.0001295659316955522,0.005547037755043505,1.8
1.2,2.4,3.5999999999999996,3.0,0.25,24,10.2,0.45,1.6259219638437017e-05,0.001931255600322146,0.18739127364284203,0.6
1.2,2.4,3.5999999999999996,4.0,0.25,24,11.2,0.65,4.068897253017845e-06,5.207357310177407e-05,0.04533523419937713,0.7
1.2,2.4,3.5999999999999996,5.0,0.25,24,12.2,0.65,4.873506214142509e-07,8.247425421847865e-05,0.04657256471918836,1.0
1.2,2.4,3.5999999999999996,6.0,0.25,24,13.2,0.65,1.8817680207394716e-06,0.0003446110261904334,0.04773753126688396,1.1
1.2,2.4,3.5999999999999996,7.0,0.25,24,14.2,0.75,1.6184633122584557e-07,2.724133193465761e-05,0.018188325064296018,1.3
1.2,2.4,3.5999999999999996,8.0,0.25,24,15.2,0.75,1.0532513339267524e-06,2.8663645044391117e-05,0.019047987707645042,1.4
1.2,2.4,3.5999999999999996,9.0,0.25,24,16.2,0.8,4.185774809761789e-06,0.000341436644668458,0.005015846150390857,1.5
1.2,2.4,3.5999999999999996,10.0,0.25,24,17.2,0.6,4.738040564888912e-06,0.0005878152090638133,0.00024523229164286064,1.7
1.6,0.4,2.0,3.0,0.2,41,8.0,0.55,3.910533639128744e-07,0.0007079986024309814,0.7512026758809092,0.9
1.6,0.4,2.0,4.0,0.2,41,9.0,0.65,1.7525773865489924e-07,1.3424584326182654e-05,0.1730579299063062,1.1
1.6,0.4,2.0,5.0,0.2,41,10.0,0.7,1.3611463944851465e-07,1.4650582354058805e-05,0.05053826460377597,1.5
1.6,0.4,2.0,6.0,0.2,41,11.0,0.75,5.274722554293731e-07,2.8110290856253606e-05,0.04715292636627422,1.9
1.6,0.4,2.0,7.0,0.2,41,12.0,0.8,5.333293590092936e-07,3.894512060986788e-05,0.04878514133977663,2.5
1.6,0.4,2.0,8.0,0.2,41,13.0,0.85,5.658325135105002e-07,5.1789096282450764e-05,0.013088369396489163,2.7
1.6,0.4,2.0,9.0,0.2,41,14.0,0.85,6.312267770702817e-07,7.006879282711598e-05,0.004573477811107063,3.2
1.6,0.4,2.0,10.0,0.2,41,15.0,0.85,7.472860901192035e-07,0.000106696882075763,0.0031325734924136928,3.9
1.6,0.5,2.1,3.0,0.25,40,8.0,0.5,5.877188463898619e-06,0.0008995032760936716,0.44371747123367444,0.6
1.6,0.5,2.1,4.0,0.25,40,9.0,0.65,6.60581439104746e-07,6.8419183289814e-05,0.08478591429223914,0.8
1.6,0.5,2.1,5.0,0.25,40,10.0,0.7,2.891131911653133e-07,1.371049080656217e-05,0.08577752127083516,1.0
1.6,0.5,2.1,6.0,0.25,40,11.0,0.75,6.118957178724571e-07,7.73369754670794e-05,0.08418647445873728,1.1
1.6,0.5,2.1,7.0,0.25,40,12.0,0.8,6.833321375410151e-08,1.5458282910052468e-05,0.01864816707041772,1.3
1.6,0.5,2.1,8.0,0.25,40,13.0,0.75,4.5113436986099487e-08,4.8602153829069294e-05,0.02336664647637221,1.6
1.6,0.5,2.1,9.0,0.25,40,14.0,0.85,1.6045279208620755e-06,0.00016360507489321385,0.0019058623125756124,1.8
1.6,0.5,2.1,10.0,0.25,40,15.0,0.85,1.281310918033185e-06,0.0001260279358816785,0.006684649859869163,2.0
1.6,0.8,2.4000000000000004,3.0,0.25,35,8.0,0.5,1.8566935323649503e-06,0.0008446752183215445,0.4430614662999115,0.6
1.6,0.8,2.4000000000000004,4.0,0.25,35,9.0,0.55,4.830621305851324e-06,0.0005544186008863417,0.10503433681638308,0.7
1.6,0.8,2.4000000000000004,5.0,0.25,35,10.0,0.7,8.911275258816076e-07,6.860513071083041e-05,0.10164925889013077,0.9
1.6,0.8,2.4000000000000004,6.0,0.25,35,11.0,0.7,3.5820677313225247e-07,0.00013289507784697285,0.09984253306639213,1.0
1.6,0.8,2.4000000000000004,7.0,0.25,35,12.0,0.8,5.67479795599013e-07,0.00016760506977819833,0.02245138170740346,1.1
1.6,0.8,2.4000000000000004,8.0,0.25,35,13.0,0.75,1.6912287681414284e-08,7.320905007524026e-05,0.029422271945503287,1.4
1.6,0.8,2.4000000000000004,9.0,0.25,35,14.0,0.8,8.097214854174695e-07,8.684632824651484e-05,0.00847583554424447,1.6
1.6,0.8,2.4000000000000004,10.0,0.25,35,15.0,0.8,1.1669967103777878e-06,7.754830408035485e-05,0.010054030314073925,1.8
1.6,1.0,2.6,3.0,0.25,32,8.2,0.45,1.4273444852275219e-05,0.0020757229835772772,0.4572428958912802,0.6
1.6,1.0,2.6,4.0,0.25,32,9.2,0.55,1.3297782761600985e-06,3.6657373976733965e-05,0.10422116514281243,0.7
1.6,1.0,2.6,5.0,0.25,32,10.2,0.7,1.7352106507217968e-07,4.1939555450842825e-05,0.0982065490133095,0.9
1.6,1.0,2.6,6.0,0.25,32,11.2,0.7,3.933760042151846e-07,9.606235202141988e-05,0.09836910577244717,1.0
1.6,1.0,2.6,7.0,0.25,32,12.2,0.75,2.1733116528643848e-07,2.9640159393440335e-05,0.030587199541805,1.1
1.6,1.0,2.6,8.0,0.25,32,13.2,0.8,2.1810077035500086e-06,0.00016383764849414728,0.030166639458981903,1.4
1.6,1.0,2.6,9.0,0.25,32,14.2,0.8,1.1822183809684361e-06,8.960311304295754e-05,0.010806960579765601,1.6
1.6,1.0,2.6,10.0,0.25,32,15.2,0.8,3.37759170965235e-07,1.7960284542262173e-05,0.010659381537720058,1.7
1.6,1.2,2.8,3.0,0.25,30,8.6,0.35,1.6415125198676606e-05,0.0025371198868799905,0.458902913221362,0.6
1.6,1.2,2.8,4.0,0.25,30,9.6,0.55,6.692090577242737e-07,0.00022473221145213884,0.11045717914711828,0.7
1.6,1.2,2.8,5.0,0.25,30,10.6,0.65,3.847877658724741e-07,0.0001335696372253281,0.10511236753760711,0.8
1.6,1.2,2.8,6.0,0.25,30,11.6,0.75,1.0846429578936778e-06,0.00018154716589136033,0.09972700674285795,0.9
1.6,1.2,2.8,7.0,0.25,30,12.6,0.75,2.5656254520889377e-07,9.606260538208566e-05,0.03312826126287094,1.1
1.6,1.2,2.8,8.0,0.25,30,13.6,0.75,4.375681594837033e-08,1.8136927215639531e-06,0.03187885091173426,1.3
1.6,1.2,2.8,9.0,0.25,30,14.6,0.8,1.0471009018742095e-06,7.060935217528819e-05,0.010224660754723613,1.5
1.6,1.2,2.8,10.0,0.25,30,15.6,0.85,2.099710397884813e-06,0.00022841084303837356,0.008041859509981375,1.6
1.6,1.6,3.2,3.0,0.25,26,9.4,0.35,1.8478739324034876e-05,0.003211644931712998,0.4241552697344053,0.6
1.6,1.6,3.2,4.0,0.25,26,10.4,0.5,1.1198957103886187e-06,0.0005648870819037199,0.11364966402063725,0.7
1.6,1.6,3.2,5.0,0.25,26,11.4,0.6,4.035649385780715e-07,0.00017003170253504507,0.11222693817130924,0.8
1.6,1.6,3.2,6.0,0.25,26,12.4,0.7,1.411546345364556e-07,9.034080602488004e-06,0.10576249646742797,0.9
1.6,1.6,3.2,7.0,0.25,26,13.4,0.75,1.5436427780457507e-07,3.348480716436342e-05,0.03507062969632524,1.2
1.6,1.6,3.2,8.0,0.25,26,14.4,0.75,7.823557274244664e-07,3.626428831837725e-05,0.035336323131558656,1.3
1.6,1.6,3.2,9.0,0.25,26,15.4,0.75,9.933982757504012e-07,6.405075367910129e-05,0.013686466107272421,1.4
1.6,1.6,3.2,10.0,0.25,26,16.4,0.8,1.1867034380719232e-06,0.00010139076500137456,0.012485520313785248,1.6
1.6,2.4,4.0,3.0,0.25,21,11.0,0.25,5.752424804339462e-05,0.006153479508085979,0.43954673379874243,0.5
1.6,2.4,4.0,4.0,0.25,21,12.0,0.45,4.584843156685281e-06,0.0015286466740864757,0.12757933506910213,0.6
1.6,2.4,4.0,5.0,0.25,21,13.0,0.55,8.868856362642674e-07,0.0005099036294227144,0.12859746214616719,0.9
1.6,2.4,4.0,6.0,0.25,21,14.0,0.65,2.766549170862831e-07,9.650464066535136e-06,0.11712819118713824,0.9
1.6,2.4,4.0,7.0,0.25,21,15.0,0.7,3.0352606039674157e-07,9.409149494121749e-05,0.04205813376334433,1.0
1.6,2.4,4.0,8.0,0.25,21,16.0,0.75,9.947789202380264e-07,4.933178309463049e-05,0.045012062078489734,1.1
1.6,2.4,4.0,9.0,0.25,21,17.0,0.75,1.0941587853530166e-06,6.193059319903327e-05,0.023005519242719208,1.2
1.6,2.4,4.0,10.0,0.25,21,18.0,0.8,1.3060019066202244e-06,0.00012206323557417686,0.017374579465878837,1.3
2.4,0.4,2.8,3.0,0.2,30,8.6,0.25,2.1961084869737135e-05,0.00418546361577854,0.46055457059366156,0.7
2.4,0.4,2.8,4.0,0.2,30,9.6,0.5,1.4880320331478458e-06,0.000971981313356185,0.4386574104331351,0.9
2.4,0.4,2.8,5.0,0.2,30,10.6,0.6,4.47822212645832e-08,0.0002546396312328447,0.42543706121656166,1.2
2.4,0.4,2.8,6.0,0.2,30,11.6,0.65,4.4194032977618036e-07,2.0160342086850136e-05,0.16018734247609356,1.5
2.4,0.4,2.8,7.0,0.2,30,12.6,0.75,5.063120773751706e-07,2.9745458559604643e-05,0.15350725212863137,1.9
2.4,0.4,2.8,8.0,0.2,30,13.6,0.75,5.3426392676581e-07,5.085375936564329e-05,0.0585826007736594,2.1
2.4,0.4,2.8,9.0,0.2,30,14.6,0.8,5.882136757673351e-07,7.375294657396836e-05,0.0531675019303024,2.4
2.4,0.4,2.8,10.0,0.2,30,15.6,0.85,6.864010790863517e-07,9.947647809893656e-05,0.016757990800360556,2.7
2.4,0.5,2.9,3.0,0.25,29,8.8,0.25,4.316749287025523e-05,0.006499641377385235,0.968498518105223,0.4
2.4,0.5,2.9,4.0,0.25,29,9.8,0.45,2.6052748871574494e-06,0.0010407206862772522,0.2553324913148671,0.5
2.4,0.5,2.9,5.0,0.25,29,10.8,0.6,8.861744962285201e-07,7.057727483217313e-05,0.24527379587663334,0.6
2.4,0.5,2.9,6.0,0.25,29,11.8,0.6,5.677899634903838e-07,0.00024573503671820873,0.24935236314569553,0.8
2.4,0.5,2.9,7.0,0.25,29,12.8,0.7,4.796399988293842e-07,0.00012172367851071009,0.08198264582495063,0.9
2.4,0.5,2.9,8.0,0.25,29,13.8,0.7,3.694484191907321e-07,9.55370077533324e-05,0.08649520714497783,1.0
2.4,0.5,2.9,9.0,0.25,29,14.8,0.75,1.3197355654970266e-06,0.00011625631781364554,0.032698187304989634,1.4
2.4,0.5,2.9,10.0,0.25,29,15.8,0.8,1.462413789066197e-06,0.0001516119748278255,0.03142584167074003,1.5
2.4,0.8,3.2,3.0,0.25,26,9.4,0.25,3.609470306575879e-05,0.0074665816622236925,0.9716787359532648,0.5
2.4,0.8,3.2,4.0,0.25,26,10.4,0.5,4.6706710904453885e-06,0.0005567840301019533,0.26173596980450786,0.5
2.4,0.8,3.2,5.0,0.25,26,11.4,0.6,3.142290403435055e-07,0.00011144974486065884,0.25817779096034377,0.6
2.4,0.8,3.2,6.0,0.25,26,12.4,0.65,1.315264430479246e-06,0.00017783416546857111,0.25187147296804735,0.8
2.4,0.8,3.2,7.0,0.25,26,13.4,0.65,1.6956933457379364e-06,0.0003830557050525929,0.09085914382274907,0.8
2.4,0.8,3.2,8.0,0.25,26,14.4,0.7,2.250629764777301e-07,1.4258407287748298e-05,0.09223235934082585,1.2
2.4,0.8,3.2,9.0,0.25,26,15.4,0.75,5.913595987894205e-06,0.0005353560660965595,0.036586118047071015,1.3
2.4,0.8,3.2,10.0,0.25,26,16.4,0.65,4.938463184500641e-06,0.0005656813206043054,0.03829905391494859,1.4
2.4,1.0,3.4,3.0,0.25,25,9.8,0.25,7.449515730417744e-05,0.010295935535735934,0.9950481654220862,0.5
2.4,1.0,3.4,4.0,0.25,25,10.8,0.45,2.0620208238675275e-06,0.0017359753980985548,0.28491694666864675,0.6
2.4,1.0,3.4,5.0,0.25,25,11.8,0.5,5.66971699367258e-07,0.0005159645501446875,0.28165000139237195,0.7
2.4,1.0,3.4,6.0,0.25,25,12.8,0.6,7.248823152838924e-07,0.00034150805719845856,0.2788353771257994,0.7
2.4,1.0,3.4,7.0,0.25,25,13.8,0.65,9.121441829629262e-07,0.0001587370432177826,0.10202523654398554,1.0
2.4,1.0,3.4,8.0,0.25,25,14.8,0.7,6.149892601836626e-07,1.2827643713464454e-05,0.09836563196090853,1.1
2.4,1.0,3.4,9.0,0.25,25,15.8,0.75,6.290972887068591e-07,0.00011446610607812602,0.03632616428062052,1.3
2.4,1.0,3.4,10.0,0.25,25,16.8,0.7,9.259937627792425e-07,0.0001409104888827617,0.026997368466864957,1.5
2.4,1.2,3.5999999999999996,3.0,0.25,24,10.2,0.2,0.00011257963368715984,0.012948189576308833,1.0018636276241177,0.5
2.4,1.2,3.5999999999999996,4.0,0.25,24,11.2,0.4,8.99157095379799e-06,0.002916658919123183,0.2979055577215086,0.6
2.4,1.2,3.5999999999999996,5.0,0.25,24,12.2,0.5,5.59637594266249e-07,0.0005918064749030894,0.286786628901053,0.7
2.4,1.2,3.5999999999999996,6.0,0.25,24,13.2,0.6,8.710096959241298e-07,0.00023917416482888143,0.2742111698908265,0.8
2.4,1.2,3.5999999999999996,7.0,0.25,24,14.2,0.7,3.085640523092792e-07,9.342475740581335e-06,0.09627946811178867,1.1
2.4,1.2,3.5999999999999996,8.0,0.25,24,15.2,0.75,1.1779133930467367e-06,9.215352594038606e-05,0.0935033737345361,1.2
2.4,1.2,3.5999999999999996,9.0,0.25,24,16.2,0.75,3.236803192918636e-06,0.0002843705120587625,0.041010234025465664,1.4
2.4,1.2,3.5999999999999996,10.0,0.25,24,17.2,0.75,2.76258683051811e-06,0.0002839847440008203,0.046450509914110594,1.5
2.4,1.6,4.0,3.0,0.25,21,11.0,0.2,0.00019130375103482145,0.017991071011683957,1.0420236177527276,0.5
2.4,1.6,4.0,4.0,0.25,21,12.0,0.4,1.0103688630191954e-05,0.003747129275732064,0.30913109734409816,0.5
2.4,1.6,4.0,5.0,0.25,21,13.0,0.5,3.504312778845886e-07,0.0006206436169522433,0.29396250744048524,0.6
2.4,1.6,4.0,6.0,0.25,21,14.0,0.6,1.4372262036044248e-07,0.000162671655381752,0.2888071640430876,0.8
2.4,1.6,4.0,7.0,0.25,21,15.0,0.65,1.615748803640571e-07,5.13233806493929e-05,0.11916862907697312,0.9
2.4,1.6,4.0,8.0,0.25,21,16.0,0.7,9.161789203959714e-07,5.1280412032395084e-05,0.11166718802556219,1.0
2.4,1.6,4.0,9.0,0.25,21,17.0,0.75,1.0182708070072266e-06,8.950291695131174e-05,0.04660389692171596,1.2
2.4,1.6,4.0,10.0,0.25,21,18.0,0.75,1.1783201695481083e-06,0.00010566947915946479,0.04881104481652154,1.3
2.4,2.4,4.8,3.0,0.25,18,12.6,0.1,0.00029971022547914394,0.02233363130772159,0.9318027645282188,0.5
2.4,2.4,4.8,4.0,0.25,18,13.6,0.25,2.788462642433487e-05,0.006401598786277551,0.29538302261755955,0.6
2.4,2.4,4.8,5.0,0.25,18,14.6,0.4,2.6306768194928054e-06,0.001879059274425554,0.28791102730938345,0.8
2.4,2.4,4.8,6.0,0.25,18,15.6,0.55,3.05636904895934e-07,0.00046851057747421265,0.2698522487283723,0.9
2.4,2.4,4.8,7.0,0.25,18,16.6,0.55,1.1950004754623933e-06,0.00042519776617533367,0.11458730654711147,1.0
2.4,2.4,4.8,8.0,0.25,18,17.6,0.6,2.000187980799595e-06,0.00019100366617386122,0.11195281163279192,1.1
2.4,2.4,4.8,9.0,0.25,18,18.6,0.7,7.994694968260774e-07,0.00011352890351346012,0.053031583289764095,1.1
2.4,2.4,4.8,10.0,0.25,18,19.6,0.7,1.3813848063204404e-06,6.795406691240125e-05,0.05749680777562083,1.3
