ion,fate,tof_us,x_end,y_end,ke_last,t32,y32,t53,y53
0,thru,1251.6511621818515,84.43749999999999,-1.8235501461034986,0.027858490269613942,374.0620083800194,0.7236945580731725,684.5949352405478,0.15897402457637863
1,wall,714.8477555819517,58.6875,-3.384854531114817,0.05832128657961482,381.2316520958359,2.8564395760758337,636.4353689934788,2.624002183458248
2,thru,1600.9295727042108,93.2717537932531,-11.90797946067445,0.03801072231857842,378.0922772808571,1.0848351728166683,676.0359873440699,0.6798259078495027
3,thru,1143.211293282347,83.9375,-7.216697935744148,0.21142575585573176,343.67082823882134,0.3673362995653986,658.5072742220871,3.4872716254591207
4,thru,989.9679413423216,82.08659079235602,2.010771254797852,0.13441053205710116,321.67030663108756,1.124990053460178,637.1230927731874,0.14977895508987185
5,thru,1181.137735278892,84.43749999999999,-9.59562915313238,0.022379964649784898,376.4856878466507,1.6379847063146482,665.7432753868941,2.0209840632364457
6,thru,1516.0823908152656,84.43749999999999,-6.714239841247872,0.09936435065912962,464.11878533506376,0.2027108850459553,713.0150130573328,3.3579740305653742
7,thru,1161.2055487950724,84.30946360307381,-7.253239761425587,0.08593203525805493,333.712314000846,2.3908396239877696,613.452472684686,1.037216500452548
8,thru,1223.9619119989602,81.8125,-7.8599752825356815,0.061435213466759786,423.5948518001129,4.086360149420624,731.3706647845569,4.284270853302476
9,thru,916.2245286151139,69.54659718584485,-9.750809935810175,0.10098622147170466,386.97769961836065,2.1530625144464883,692.2628804575385,6.2662568413809705
10,thru,1079.1169729020728,84.43749999999999,-3.347208689579689,0.09750535839874304,389.853746721681,1.188064712287388,616.1789897128356,2.5298768665422933
11,thru,1211.4074631085668,84.43749999999999,-8.860075949954528,0.030817693649266256,419.3326294583305,0.2948134662879159,729.5858642523493,2.9044074115465275
12,thru,1411.0960930759347,84.43749999999999,5.197824531705657,0.04763694805278031,428.4450586160847,3.480213377672816,662.1298325402039,4.98179375141415
13,thru,1276.1283270261172,84.43749999999999,5.257395560570283,0.06672455586358543,345.91991426766657,2.5027206518613294,631.5967313213877,3.0817915089915595
14,thru,1008.8554794868538,77.94105177538736,-3.531146054850795,0.09949062592367658,343.77053300200635,0.11223653870420768,663.291845807997,3.7800159561217472
15,thru,1383.9802242692397,84.43749999999999,-10.033170415161306,0.06645137009474196,461.96081118480885,0.9720960676621196,795.10707826264,2.23765358906719
16,thru,868.879232331893,71.3125,7.6687982431854005,0.08267921947765074,350.16398162703416,5.015715048059416,611.6761522641001,5.942789536817598
17,thru,1512.1891654079504,84.43749999999999,1.262498676430348,0.08223264060814856,358.32866660130077,0.8837255422904065,685.4650350945135,3.1813672180920336
18,thru,1105.067213647484,83.9375,10.184440781589654,0.0863233596583108,326.9662175651526,3.3098159417087225,606.9855015324929,4.211166769825778
19,thru,1089.6860682012862,79.6875,5.188644903607609,0.06149502461662905,367.51229846120214,0.23305768186693893,717.2443509585011,1.595754021064744
20,thru,1572.1080693920185,84.43749999999999,-5.588715156856295,0.09435081103428275,360.385621049745,1.6131245740911042,700.7318494020092,0.705813943973412
21,thru,1239.1274555310672,84.43749999999999,-7.355560299496797,0.03880302742823138,345.4071461087346,0.00044856218546026217,643.9308200461925,3.4898741864614027
22,thru,1162.5790214595183,84.35797610819253,8.422621452397266,0.0681186339933441,347.1630092746471,2.6895760794652985,611.9634258280282,4.414381142568287
23,thru,1600.680925083819,88.86377844280514,11.430993661040853,0.021483521844470173,385.2647212421372,0.22136325237986926,682.5122581448289,2.4549188737051346
24,thru,1355.3978224393993,84.43749999999999,-11.061213758111856,0.03713131385214752,376.5988229491793,4.549409952324013,647.995078966258,3.5267809193992012
25,thru,1234.0531642712983,84.2530833994226,3.058830816462554,0.07324893646024942,378.7414726771208,2.9931182059783223,679.9168654580668,0.018738710005887168
26,thru,1139.403459777787,84.21335682606306,9.803324810624575,0.03293702324397141,412.9553402772669,0.047628490926077245,669.7223203473291,1.8355872068526133
27,thru,1600.4490695902464,87.57596156329461,-10.724414631008878,0.020901576304040433,362.81546460150065,1.396630079259026,607.2573405727966,1.140953683078721
28,thru,1600.0050228100351,89.77247407120804,5.120126288405716,0.025439491253758023,338.47966587554725,0.6438772245207118,624.4667429709987,0.9297371111919035
29,thru,1046.8556110371812,84.11978527999959,-9.02145832944767,0.016380952379286755,367.44501735704165,1.4123077568271376,585.3498640636484,1.2856531477090347
30,thru,1601.8596788180491,87.33722133182002,1.0774421211256389,0.04305359557117419,325.343688405816,0.43739094535524625,665.3297197497817,2.6096205932388643
31,thru,1601.5464988907054,86.31226845710472,11.474281004245894,0.03863797952665913,334.5785313999416,0.6164351414949112,679.8941022007693,4.354175223878981
32,thru,1600.7888534742046,86.15419261078608,6.167671176563731,0.016983941588126217,327.66965176233117,0.8473897549213598,644.5659570324533,2.290504293292712
33,thru,1146.403617630989,84.15945031858757,-9.672630303889527,0.14388227579090226,399.9682118222621,4.5795531011442465,658.0736994504241,5.138308878777691
34,thru,1558.8221207727786,84.43749999999999,-9.944263927785208,0.044231194170738876,308.46469839843417,1.0550702378554957,606.7233790698435,0.7252916779412227
35,thru,1169.256432113022,84.43749999999999,9.19168709375113,0.09118131357349679,332.206155268562,1.5048356942972911,640.7493337592953,1.012257559884146
36,thru,1103.7122411101107,83.9375,10.353621696361722,0.1307062467749456,332.12630287621835,2.285833270211567,643.8393703550302,4.531894716251696
37,thru,1253.803994103242,84.43749999999999,10.387650860255176,0.060055963595081065,338.4084744256037,1.603888516550879,651.3183165201253,4.618714703143046
38,wall,734.841299939031,52.4375,3.3895818007135126,0.06438694541875856,417.0133924950054,4.539887525513399,,
39,thru,1401.0778061568374,84.43749999999999,11.21490083432975,0.07053774838751767,308.7983153804882,2.8868709384381703,537.6905958497109,2.4162710284804247
40,thru,1600.6230885003881,86.55460986528718,10.663377540776436,0.026352195438976236,421.65878782351444,4.1594926303277555,695.6101553432925,4.0087630756097345
41,thru,1373.5384672726318,84.43749999999999,10.163050621164114,0.14477326179346778,433.12782983205767,0.345160415361019,724.475692384225,3.848833702735041
42,thru,1101.013984187149,82.01858321029097,9.54846340907098,0.08100880102703012,408.3235079602793,1.9613858441651888,677.305225009339,4.89513874994756
43,thru,1259.8300006349377,84.43749999999999,1.610232674786132,0.0048042967457270986,388.49317416887885,1.7233992111493919,656.5820991825685,1.0894434110665816
44,thru,895.874907279092,64.9375,-9.667390213179672,0.032699098901484994,425.7426668981707,2.35010870220237,733.5420582869767,6.315751640785661
45,thru,1601.103803626726,88.65192521830316,-9.469057943208288,0.008673380307237724,268.46941488327536,1.2921149675065962,554.6801535960896,1.926055383675333
46,thru,1274.2267470993586,84.43749999999999,2.125065031647596,0.10997745739435089,350.3927919010909,1.9009347901304752,618.5095311764476,3.4487738666066585
47,thru,1045.6008763176371,84.43749999999999,4.218338714994447,0.02307847165458553,307.3176576374365,0.5243269975964288,598.189111209048,0.09642613024775541
48,thru,1033.4974856884135,84.04984000852582,9.307276584070921,0.09697991140264689,350.4570077672736,2.3702486093090522,623.3372935362006,3.0825101673587767
49,thru,1138.4796783419308,84.43749999999999,-5.468264046848172,0.06617069628790494,307.0406642895779,1.5127465760154426,584.1271858844507,0.16105467231424395
50,wall,631.9388181019359,56.669938041523885,3.096588877568211,0.2119260273344417,340.27139976720275,0.32471756200758783,577.5736134721096,2.036775602110319
51,thru,1369.9996380351163,84.43749999999999,3.640578102213272,0.03082372924000447,315.69443298234773,1.1383787780544654,649.8399893141146,1.187793577845394
52,thru,1234.6959512843487,83.9375,-0.31330986766373087,0.03925608177753199,501.6629970703984,0.4233012245649496,770.167403536026,2.392155658045304
53,thru,1332.1557333393034,84.43749999999999,10.085292320020447,0.13266068900927735,379.0698434779628,0.7216062830486476,638.8113894908998,4.126494802421541
54,thru,1122.4404471110797,84.43749999999999,-9.72364067020194,0.07801834067931308,310.8618922921778,3.0913421628159545,580.0211368486858,6.002041592797454
55,thru,1432.0391691998784,84.43749999999999,-10.210768409250832,0.08055496488189245,432.7283360068075,2.4656177019343577,779.3485685630712,0.5230354198409527
56,thru,1600.8130447038604,84.89195230131449,-11.426686653708915,0.045386238688687804,438.18576522558,3.01718917345724,738.6985576768121,3.068448221852937
57,thru,987.6364579651315,75.5722411517408,0.12642682262474994,0.07739591568224367,352.26688253771215,0.02366243419962839,619.4811378799641,1.2857999518848493
58,thru,1028.783573901132,79.92674422268912,0.5486613480224919,0.0523553656732944,341.1348741800542,3.286348537658178,641.2977814802873,4.993256642114314
59,thru,1064.7507483141515,73.4375,-2.0376879679546036,0.06425416468030365,433.9060917227728,1.5179585370649895,726.7071570090744,0.18745394092087067
60,thru,1087.2650036522327,83.9375,10.171441380450196,0.12597270498467408,368.7813613316525,1.018190968358667,659.8136382068453,2.894827528282947
61,thru,1159.394850283453,83.9375,9.082030410596486,0.06886297256881926,400.9315959778955,0.94068441449739,716.4224476690274,4.93056455935051
62,wall,577.3460786383562,43.9375,8.175797762756153,0.045916963718843656,410.700534969365,4.654451709927223,,
63,thru,1601.9100195775184,84.4986639254532,-1.1049386834024777,0.036812648902349164,359.6547227099892,3.8059033260169244,684.7186121448498,1.31941647207499
64,thru,1081.7586399661259,81.8125,-7.41185427655045,0.14552405420836312,351.2165265132344,0.4364404047934798,641.1051610291564,2.8780791403182753
65,thru,1120.174527074413,79.6875,-3.7868392606964734,0.05342181172492858,399.57006602846064,2.2170772191538304,769.0006200257375,4.401980765046258
66,thru,1229.035680205052,84.43749999999999,5.265754217219956,0.04212931927119123,360.07462667355884,2.761992139564589,658.0641348472889,3.2629699146050335
67,thru,1211.0092773901777,84.11765272644296,-6.211497818927695,0.14617345083216066,369.783714948297,2.7354167093423496,659.7208651541818,1.4728276465913563
68,thru,1227.5471944713556,84.43749999999999,-9.897208197694797,0.058426024269166356,349.8888522243546,2.83011192056015,620.0860834175976,4.211846613069599
69,wall,381.1772061351304,29.3125,-0.1184821844726663,0.042573180684963595,,,,
70,thru,1601.7198578310342,89.14735963716444,-3.1799119964024927,0.009727948032646304,412.8777746580457,3.2811834179156776,723.1385013411909,4.794793436775469
71,wall,373.22042958195277,29.793252485210083,-6.4161319550794325,0.057842199618160055,,,,
72,thru,1136.2108527226342,81.8125,-9.6640817308677,0.041867895092431065,397.997904686114,1.9715927711459342,712.4204485017073,7.909211298420343
73,thru,1601.113056916256,85.69227384907954,10.716920488698113,0.00026286895558897777,413.2646661628891,1.627442243153864,702.5692828264584,4.100167914018147
74,thru,1431.7120886675784,84.43749999999999,10.215178228713206,0.041243391338066336,386.004069671226,0.5563261699755002,620.3299826168278,2.704048476533938
75,thru,1053.7161477109603,82.24454676595255,5.544320135377705,0.051130910192898026,357.18476285566135,0.7565953048652722,605.4460743624152,1.4895549450580983
76,thru,1063.7437264714765,83.9375,-2.2047655238434203,0.2328270485308394,417.4165068873568,4.495420905134301,684.850873667279,4.422424761011308
77,thru,1600.113492828387,86.98634050927745,-11.370556674533043,0.06882198697686225,401.66155133493913,0.4966593904762329,684.9809569375395,0.5143341610124412
78,wall,562.8103314233655,46.0625,-9.073139093019957,0.09065540719020901,388.8422754508515,4.585924396141834,,
79,wall,881.4252806709349,56.662493901043916,-9.925703866904442,0.042099881008313744,500.04811951475415,2.3330162795907716,815.0832893730399,8.601576828180521
80,thru,1225.3280471639277,84.43749999999999,0.5926759513898889,0.024525673669331057,360.8153481274405,4.500180039540375,748.1342262271326,5.296654818457005
81,thru,1601.670253806213,90.6544156953184,11.070046662213514,0.01859891762926663,390.02141679440257,0.01838441653737072,683.4500376224651,0.7706928141538855
82,thru,1253.3395008030236,84.43749999999999,-3.696412227284557,0.034483663613434835,412.45937309653135,0.4026528267632333,714.5236745819919,3.6725158980515182
83,thru,1353.64531775125,84.43749999999999,10.86242438281901,0.047248217482740676,334.79944197603385,2.3429923743979675,577.8171965064847,1.322606153521455
84,thru,1571.9142093444448,84.43749999999999,0.4545004605305118,0.023643490552986708,322.74923536803254,2.1428482960959943,551.4709989111386,1.3639715895808848
85,thru,1267.829368969515,84.43749999999999,7.784232307895364,0.0915060158498006,345.9017713934653,2.6121333913621654,671.7950196809817,1.0738676598503816
86,wall,518.2710898846861,39.8125,-8.153380221205689,0.10780590930756062,409.3708837628689,5.934566890236217,,
87,thru,771.8872720260536,60.8125,0.41934454894111745,0.12699680395393553,314.22361666298036,4.086932046258668,626.0847970701327,1.4185677560357584
88,thru,1451.1341389215818,84.43749999999999,-1.2701986338789044,0.06124147701082499,382.5943788908002,2.0518764437251806,721.7485045532452,0.8798749333703079
89,thru,1211.7042620152515,84.056702399844,-9.411777839142776,0.18824405547936024,328.64207069240103,2.269473266680834,645.1917369624505,5.421433975117114
90,thru,1090.9662880872133,84.00971266448428,-3.774044127382355,0.028500612145152444,372.5953811718798,0.1724007156993882,655.2471892202785,2.037990893229306
91,thru,1600.256413422362,90.62055210599509,-3.062916891353297,0.0417777270460091,432.5684177411098,1.5663366311815279,711.9627777791533,0.4766942825729785
92,thru,1257.7390007836348,84.43749999999999,8.88356723360812,0.03581228505342648,317.34669685313213,1.8807495109831427,580.5783352706424,2.299413431760898
93,wall,524.9254564008604,39.8661072939199,-4.452194722839157,0.11188262315751359,432.48197740343284,2.4256664440157802,,
94,wall,659.8583149841887,56.80429551824965,-6.5816635175753255,0.06931485944764493,380.08619410229153,6.8858289985872085,618.0887383320596,6.552036106718666
95,thru,1176.129728753638,81.8125,-6.23556540706868,0.08978418228292324,450.15498218426995,1.86838587256462,723.0453910298586,0.9350875960418058
96,thru,1457.3356635866328,84.43749999999999,-10.67632984917246,0.053398598592796595,451.0084294065248,2.0051715568731376,753.6856713701167,1.6603478969682246
97,thru,1600.534904092825,88.08308609507229,-9.772692532439136,0.018640265069941434,440.4880027639163,0.12474663443783883,706.188158598035,1.7996400357213982
98,thru,1076.1282323460555,83.9375,-10.466123762233112,0.08977938242108494,359.4098842883039,4.824474563961219,645.4059836451787,5.227394754290988
99,thru,915.5660653695936,71.3125,2.3363927737524754,0.022002830050117533,419.4828722308382,3.115495908483423,665.6698428719951,2.976155352149369
100,thru,1062.7500165145645,84.38760350476895,5.201134977681914,0.07015787898584196,311.5293292313096,1.8299507301623437,585.769615326115,3.075903039381552
101,thru,1085.9789232655332,81.89601133580005,0.9909548882595144,0.018978247779204212,448.28111942522895,0.822277246229197,705.076556656032,1.5652699600719442
102,thru,1210.900386586528,84.43749999999999,9.97219409249982,0.07672532560933594,327.53026888664647,0.908502551309626,586.7445341032441,1.770602208994762
103,thru,1266.6008888331748,84.43749999999999,4.863718791545845,0.087781994481516,378.3863722564878,0.6448482998836509,658.5904688522777,1.9066717520936964
104,thru,855.3301288736229,69.1875,-2.944075833087276,0.05677253907951616,376.9287439777722,0.20183831379001527,630.8632277328782,1.5861387168831536
105,thru,1212.870293666888,84.27564633450274,9.057761816115706,0.07583234992217948,439.59232434220297,3.281048106202143,691.6101698516949,3.0252969986664544
106,thru,1115.4649014346105,83.9375,5.05772464086701,0.08960783836503175,334.1029775223206,0.6955927678660523,627.5148987689473,1.170322286927326
107,thru,1314.9959669934756,84.43749999999999,-11.158562012597598,0.03961886134779127,469.7245250031696,1.5175910934476033,786.6164379032766,0.4111553668352754
108,thru,1075.6187321157945,83.9375,8.88874075616501,0.0910252050813467,371.1528642208362,0.4096860296343386,669.8615484404685,2.4235358451369846
109,thru,1100.5127612304339,83.9375,-6.466565420877843,0.03150732398585995,357.4603988375912,5.541173093935916,658.5567472343059,7.986335610348146
110,thru,922.4711155858572,71.3125,9.560946084755038,0.04357213167861861,359.1880471984406,3.6371413308494436,661.7128819617133,6.939637163539192
111,thru,1191.3965239966124,84.42643296497776,3.2103314436433013,0.14114848410784936,403.221223850315,1.7048732796720505,677.3340269805174,0.8456010328314089
112,wall,721.3046429152503,54.4375,6.192245623275238,0.19100309371828564,386.1949006488693,2.5295563047250185,709.2487460154365,6.25269015783853
113,thru,1085.680553492369,83.9375,7.252196075079777,0.22214291856914867,368.3030442217499,1.039954447097015,640.4689787174815,2.179284440976601
114,thru,1200.2897914821829,84.43749999999999,6.537159146609769,0.12382617648567013,372.75444494130005,2.112974058994158,669.0418114956137,0.5590845145744481
115,thru,1269.084602972126,84.43749999999999,3.5653972647603376,0.046336632954269236,312.1365214021855,2.301132716263703,601.9338745952956,2.0944672229672143
116,thru,1408.4748515463332,84.43749999999999,4.416104844317505,0.055668907767705764,367.2333904590969,0.8030932862817228,675.8549414247057,1.0467532011016665
117,thru,847.4854749287118,60.861889240827296,-7.883571272793555,0.056378809352569975,393.5526100227742,3.323199705222376,727.829630272928,6.5281519920096684
118,thru,1600.5921144538627,88.26463660888946,10.584605768405599,0.014121193524748056,357.9417508875117,1.5093068852253224,652.0460837922285,0.7402276800453871
119,thru,1161.5889597388975,84.43749999999999,5.987668946390963,0.08264318123252634,297.38459113382487,2.3106237867299293,637.5138853548195,5.338610537708616
120,thru,1371.2887677588992,84.29188830121693,3.5714002678972605,0.1456431788874448,381.52807172501866,0.05772872354248961,681.9384486555416,1.9286418091748754
121,thru,1201.0053433429673,84.11380469104026,-2.016380341518401,0.024935828450235138,388.2313824818678,0.41037214560294094,669.6888750647947,0.9218330459766062
122,thru,1099.8224838653755,84.1630225596821,-6.414356111375067,0.06201856334354937,350.3100489519872,0.7095942326485954,607.564110428719,1.284085411354618
123,thru,1601.8923588789407,88.61513824244905,3.9490255965765666,0.02449232312936064,410.13389876720845,0.19386747238881227,631.2061634488451,2.3756889900674905
124,thru,1093.2065709030426,83.9375,-1.1562059438889707,0.051045645892932166,307.09597366292786,1.4846187062638834,638.2151492618117,0.21301994407236383
125,thru,1601.567859408803,89.26381475944363,1.1382908685508408,0.021610196857558703,403.6653306883017,0.9827107354139848,706.945296903371,0.29128411398966014
126,thru,1600.5384509596363,89.37914488292311,-0.4429901435178599,0.033581532636134455,402.8762501283074,2.9004882947944957,653.3344252959324,1.1414207382550512
127,thru,1600.54645840244,93.04675559215373,6.782401631408986,0.16490341977654918,407.3541236130293,2.7912700212269965,717.793199212256,1.9179411920473293
128,thru,1270.8470373593282,84.19517205749294,-6.310738276761385,0.032087583256136594,401.66072855741675,4.654184099311129,746.7906436852841,3.8453750234494537
129,thru,1126.1844218661074,83.9375,7.446479341419597,0.07433671226084147,384.6537810927152,0.8443425999806836,651.7132745296234,0.5336578929929398
130,thru,1192.9170755405712,84.43749999999999,6.500355204030926,0.013952937919595126,385.2177748211428,3.0935776907704,712.586990447341,5.8778803178972225
131,thru,1249.4769430393935,84.43749999999999,7.985492515412878,0.02176865200770033,338.20260707603416,1.1611664561188622,633.60345647842,0.1555875141413524
132,thru,1174.650525126402,83.9375,-3.299176852298186,0.03948149369378032,376.49435333725967,0.8554176302314268,667.4946434148812,2.0198598277666022
133,thru,1286.328218527695,84.26055662074276,-2.702257199383808,0.11227098076854537,428.66393656511457,0.2705274870723808,754.3406445558685,2.477693518474838
134,thru,1285.9302688448631,84.13633827959974,8.939027922506266,0.09235076779225185,441.28036821173214,0.5940337615275798,744.6086214380967,1.9337758836374443
135,thru,1227.6692022781635,84.43749999999999,0.8738603313190373,0.011071519489498898,397.23859677031925,3.349049516693834,670.6876378971143,1.2252343645875254
136,thru,1252.909993107604,84.43749999999999,7.461966962011212,0.06533627034118425,355.9859979503027,1.3342908057542728,691.9405295464677,0.29313313044855993
137,thru,1041.7713934682276,83.9375,6.662518943597909,0.12004720209215756,353.14731401365987,0.11951987544795599,676.5038078078927,1.9726612595217696
138,thru,1402.4846011601285,84.43749999999999,-11.33617309398578,0.04892467122540636,314.1863116670041,0.38329966819488237,612.9327104918452,1.1703127115229552
139,thru,1164.7893193190143,83.9375,10.055495982345732,0.06729150076950306,353.9368371528949,0.9991138033378293,672.8501340386999,6.4793178936950415
140,thru,1212.6664933956126,84.24780870383196,-7.9628629320977655,0.07117726651534466,430.2813541688442,4.288678190090856,713.4674107001597,1.3266589542212677
141,thru,1421.6622686770243,84.43749999999999,-12.040206874178002,0.005126736509195835,402.89054555059823,2.5275781389567937,714.9385646634466,2.247424708595068
142,thru,1600.3350845057134,92.86237976317496,-6.690415588750137,0.02890961338974798,320.0513833035069,0.48984493623527353,559.3880348098576,0.7889390967929533
143,thru,1601.7462033463523,86.88154320278952,7.395001716264494,0.028923053414181193,382.3548018622688,0.05542249898692954,676.5622119392215,0.7059549903997294
144,thru,1181.564362968322,84.43749999999999,-1.519612309763682,0.04397315576952857,343.7417651373541,2.7360169023709604,618.3356236876085,3.0781940145955824
145,thru,1173.161491143823,83.9375,9.719225450985945,0.11581364476743906,409.6996129575317,2.143003814302705,717.323254167909,7.669733346610479
146,thru,1066.8298833262013,83.9375,9.53103087846776,0.2530941256053451,330.743226823355,1.3494448438017723,623.0905476021792,3.6867443554692017
147,thru,1317.3649206770933,83.9749253394681,-3.527243839236352,0.08494072570473474,548.2463198872579,4.540332533229571,829.7844309987094,2.26790569038221
148,thru,927.1244914313392,75.4375,10.038968448828674,0.20467207675443147,381.86327433693174,4.131745297861561,610.0541946513255,6.034867589696281
149,thru,1316.7026985340603,84.43749999999999,0.6364579440274886,0.0610032435607248,348.56348888709056,1.5569404255153312,659.6744672279184,0.9624616250844027
150,thru,1177.4384741123672,84.00545738991637,9.937496642279733,0.14472649450032035,358.40591052098097,2.3480491475561087,698.8740805584939,5.891341528737991
151,thru,1063.7796309745581,81.8125,-8.31611357702345,0.1471990861005851,354.59406179820434,1.922128336853957,661.399692216783,5.794614276938495
152,thru,1166.259770416653,84.26294261225318,9.93499541103059,0.08826039383985809,404.8668604514001,0.8346253953176201,663.9075533310793,1.946367955471873
153,thru,970.2095320332905,83.9375,9.799362393029265,0.09776307726575222,292.44179759668276,0.1761048613584561,562.5997547918072,3.80907700624692
154,thru,824.9084542381443,61.139121741406,-8.142065159735433,0.011479357551274093,395.7212519945725,3.2058835807033197,703.7267517523086,6.1538335130922714
155,thru,1600.2971500976812,88.72275698454926,-3.48536789393769,0.02201430665932282,475.1598556709572,0.9401730285741388,740.5319997777054,0.5918086323677588
156,thru,1264.6801420277056,83.9375,6.945111764053817,0.06069351044991697,400.25173666335746,0.3436886799053573,714.1896358576507,0.273044440344403
157,thru,1340.55769120867,84.43749999999999,10.994719925058458,0.057847029732614116,390.68633358796336,0.13769524790236604,670.8807010360376,3.2655792464537043
158,thru,1297.6396068291529,84.00324787050282,9.472939211353953,0.08478150775773916,424.3731372864403,3.404903046237529,739.1798827228672,4.2138873174360505
159,thru,834.7255854018041,67.16824826544946,-7.769925973436922,0.14363069105499984,381.68780131612124,0.6407769671097236,633.6316187290768,4.013594047788521
160,thru,1175.0407529548663,84.43749999999999,-6.778472172184286,0.015489267171303842,329.86621016613424,1.1957305474978603,629.9869202317836,0.18415336422599665
161,thru,1190.9893957785387,84.43749999999999,-1.7014771196683987,0.020699734945522383,410.7428393929099,4.461944451013562,740.195052032118,1.4486362162031936
162,thru,1601.1457946773846,89.20201261451838,-7.919351942977774,0.03146645337295199,307.39447999045126,2.9380254014421334,629.1071560693289,1.3431399603577985
163,thru,1103.7389458873542,83.9375,-7.3031341093918325,0.060395907904329284,362.29984081868764,3.637032769294174,621.6554931596955,3.256870403262628
164,thru,1410.4481458584446,84.43749999999999,-10.024659446915257,0.026899531201571868,367.69410102028303,0.12431565599221538,644.166400940778,3.6254383027401915
165,thru,1273.8358605378712,84.43749999999999,-3.348579144673095,0.0537045512786928,388.8650225594808,0.9140693536920146,639.7006453595344,0.1735443366605418
166,thru,1202.8949090150793,83.98595748755679,6.4561815509614195,0.04726042073620648,356.1465478142046,2.436647463312616,643.0662534499563,0.41155506290306504
167,thru,1093.1766029052526,84.24215258782588,-3.256429454639739,0.20115239790224698,302.57532752952915,2.20160069813453,575.561954710182,1.565506737784929
168,wall,731.1163541125518,58.77696118331516,5.090413443665439,0.06299727686153027,371.73034968974616,2.0782534564621105,651.1808128967217,4.993289845775686
169,thru,1067.4338621406146,83.9375,4.472951387414313,0.13788208969839708,350.2374920950001,1.6797095922797276,640.2371102826163,1.2283994511491658
170,thru,1055.0186398831536,83.9375,-5.115823606611139,0.18235358769430027,290.2053171202686,3.2217277809595557,610.2118997808703,3.1168208069051935
171,thru,1060.2596712768127,84.14365222803097,3.4765235800585637,0.0729827751602144,286.51480851753837,2.4956305172076143,581.9746485259287,0.7453380364993321
172,wall,732.1901262015481,56.98580406714074,8.181475037963196,0.055283084934128375,354.56861945674444,5.297508102159747,663.9851680382986,6.9636849960881415
173,wall,521.2607527946155,39.8125,-3.2543893904396293,0.06533858012692079,417.2627603818758,2.2747898143215073,,
174,thru,1169.9854978016267,84.02195926286555,-7.781126397387485,0.3055851139621991,385.9114996329029,2.037758971304555,693.0247664143897,1.3877545596927425
175,thru,1145.3724326659403,84.10721959377838,9.504313855871125,0.1620356831878546,393.80026132389565,0.8609316881773864,683.6583463528124,2.9611872385129443
176,thru,1503.0906349624681,84.43749999999999,-7.13794153897634,0.06448411543851053,397.3747422183048,1.355024010817886,746.938405823029,1.125688310509239
177,thru,1076.6764583857555,84.23568081503808,9.568417784056866,0.0860415921378589,332.62641352330115,1.336512240291308,586.8246563976206,1.1907608374788483
178,thru,1312.0052156502682,84.10374536499484,3.8743402596679286,0.0968755565599012,409.33991318790027,1.2384997682559624,764.8684700295946,0.2913514686900791
179,thru,1251.336565022334,84.43749999999999,-6.173259379644019,0.04721406689257217,350.15692891769663,5.138898621109951,643.5828456748743,5.552307552960465
180,thru,1417.0231360353355,84.43749999999999,7.4804876037677746,0.048557786610723665,393.34799962272,0.06296143423763766,669.3146087319354,2.435761473305292
181,thru,1055.6423441195418,84.10427729524217,-7.6510519733339635,0.12817278717771133,394.508927841507,0.1452895276761362,693.2650384929909,0.8017630100948919
182,thru,1236.1658668504201,84.01054758163211,-5.731052740632157,0.0881173624211673,393.46973680570335,2.355907905854105,703.0354385199578,1.5060865183976473
183,thru,1601.7759848457963,91.59043955187667,-9.390856225447882,0.02193644132627284,448.11123828158094,3.052697844025778,704.732772465253,1.1525321611075525
184,wall,805.1302950888995,56.85527205927674,-9.805758622333052,0.07887960371343357,385.94860685250535,4.529905906458899,733.328445964422,9.557161155328075
185,thru,1195.0218158215623,84.26728251574112,8.547653410408444,0.05528964209202953,439.5707408720945,1.305199540188643,740.2780591525247,3.1812598986032508
186,thru,1186.3076022243254,84.43749999999999,4.307341363733774,0.10319461743077969,287.8502274022589,0.743398850720369,548.698269787974,1.2434465361129587
187,thru,1214.5941617135045,84.43749999999999,7.451634781799121,0.04691478960066549,350.3710868634246,3.903925093165373,584.1309485241288,3.9775453273155312
188,thru,1238.3191971919878,84.19577171876317,-4.175665461928302,0.11658880373063389,431.27732824646483,0.6295114899444338,684.3619732776274,0.7568753982009884
189,thru,1260.2999178339974,84.43749999999999,7.725916467333594,0.07494369075543347,402.86050531822207,2.4997275136137933,711.885280112515,0.4250602440286458
190,thru,1243.186460529941,84.4254968232648,-5.246970797906429,0.0421928441393878,423.4215840981969,1.219377810538117,664.5465280813365,2.399623333718629
191,thru,1083.3950637271957,83.9375,-9.368868003649592,0.07953235086132816,314.1135890461432,2.2535756056845697,588.139590192226,5.183220387162483
192,thru,1308.171290803062,84.43749999999999,-10.199163600015758,0.1724108899421686,361.17948829885495,1.3548915823582883,659.6594930865019,2.529840542615215
193,thru,1114.2171748566968,81.84363429347482,1.9915289715101876,0.05173868956570934,411.38242492227613,2.5471917375598454,704.7472380430248,1.015697729582324
194,thru,1341.792158147103,84.43749999999999,4.003004278372045,0.1329580903201532,350.0186186291825,1.4013622695412247,614.8559824646908,0.2224493859958723
195,thru,1182.3275302729728,83.9985677359939,4.417983180448923,0.1295607420188685,365.6616516832038,1.3102515709369538,680.6198164250592,2.0505028847711255
196,thru,1436.2738489614276,84.43749999999999,-3.79742397171402,0.09415257090401577,385.3074731873397,1.5454898569769542,662.4785599179844,2.8396401821088877
197,thru,1139.5265023924408,84.43749999999999,6.736962885501203,0.15353485807999379,396.47068871655887,0.9254042748746872,695.2630642906503,3.756237459865747
198,thru,1600.1295480894782,88.0983286610005,-0.32908226544827857,0.04091866164075714,388.1881699279636,0.7365442043677315,635.358532098002,0.21068278256468953
199,thru,1600.2591640071155,89.27613670203466,11.567396342503802,0.017266635963799123,353.33812464267373,2.3283582307958968,609.3483221185347,3.5179708341877736
200,thru,1531.3529892502777,84.43749999999999,-2.823398010505262,0.05846857285133163,365.00580208154275,2.362132204977904,695.3716259440454,0.17405029256928034
201,thru,1184.1273330006084,83.9375,-6.351534296489453,0.057639344384296375,401.78047041813505,3.7170949049521376,675.453654349759,2.887730024260357
202,thru,1601.2450359588709,89.65866171191475,-6.315159821687386,0.018914672428775887,318.24305313434974,1.42864722959009,601.024104286562,2.7524133967866713
203,thru,1164.6631439526732,81.96817437765934,-5.364127167506642,0.1998678558307754,325.10753990361707,6.931354323053413,715.5098090829348,4.953770023263048
204,thru,1304.9889549992756,84.29946945486999,0.9036913191380849,0.17482048171741635,451.5934497572898,1.9790417238843963,731.98572978761,1.5515739642693143
205,thru,1345.2842911492512,83.9375,-9.224847973202676,0.08897308953180737,425.9363564553068,0.5455665126366708,740.5858915913306,2.1272657112017876
206,thru,1212.5401006274583,84.17938054952562,9.893190727440881,0.10579365152695028,362.7715596913744,4.542666912391582,692.3543793937683,4.777214616729075
207,thru,1214.4863132743405,83.9375,-8.515900137661816,0.012939367393274618,410.52775904132346,5.207095379841528,720.2610460251655,4.865560559956439
208,thru,1215.5226972124342,84.13017369195533,-6.165347322616795,0.22762861409647198,388.7113412211017,2.3821019819382285,704.6053222569053,2.2237272026253034
209,thru,1204.6846801880179,84.22462083144815,9.251775839975288,0.03153274533297672,358.10871237957775,0.38529707238113314,655.2058639871569,1.0025764656387228
210,thru,1240.0929916934056,84.43749999999999,2.699386744983369,0.11351262466159129,361.7366227843449,2.3342745165169445,666.9769973245533,0.46540262323500325
211,thru,1133.6940177887939,84.27838979392796,9.419009800052212,0.0728093713110117,367.71421209913035,5.001716029197515,676.9223047993055,3.3431292681825586
212,thru,1429.7616042956945,84.43749999999999,-0.9048081553054789,0.09175336747059053,361.91031272523884,2.6721147792142874,649.7697842169333,0.4289760930628844
213,thru,974.7595403446884,71.50771185163991,7.427841718448719,0.07139491197661853,428.36199429482093,5.980473814155191,727.6882603496655,7.564450625115848
214,thru,1130.7065526395286,80.14232939156837,8.841202252240983,0.08524601716625148,380.1131000748688,5.797268966744361,660.8937423926478,7.331655437366547
215,thru,1567.6907433276758,84.43749999999999,13.610866265896929,0.21767786641558143,391.0781309811626,1.1121334032282657,643.6934788360718,2.6541849418421717
216,thru,1267.222991846537,84.34494687266483,-2.4707963446662826,0.052441571745364735,294.679680929319,1.1882695542439363,609.1546600097149,4.176469750159472
217,thru,1107.7394904585005,83.9375,8.486500884523513,0.2115408114038378,330.890007598269,4.113990702580637,637.6628877372624,1.1658028041623212
218,thru,1052.2850357123782,79.6875,10.267393589093603,0.07675078258944663,375.5144912823838,0.6343771705383582,632.6135108035511,4.49057409697015
219,wall,668.5054724632621,48.260896614767105,9.392676921792027,0.030733975033489448,468.2259806424273,7.388501020382478,,
220,thru,1100.6612643510298,84.41750596204609,4.5011647720695835,0.05546829730078246,392.30292134757616,1.1211523122463833,686.2511233989381,4.10872696547587
221,thru,1204.7544121904646,84.43749999999999,-9.916750303683804,0.09569378363876015,406.2106062291866,0.22307953542880737,705.4154009066219,2.148464571417498
222,thru,1173.8517020642707,83.9375,-1.511126923227988,0.021147729852371937,416.32820303796495,0.720039444597455,692.5556723634755,0.8882994557174831
223,thru,1521.8752250327864,84.43749999999999,9.117291674586143,0.044335854972002306,383.67743965747263,0.5120993167766137,657.1832643169683,1.7327548927490841
224,thru,1208.1242954172005,84.43749999999999,9.722954966513127,0.14216377623502327,345.98680836322603,0.2944307511273837,666.0476328492668,2.6931178438094037
225,thru,1185.7613418152982,84.15350515603521,-6.532073075255282,0.1252443786488292,387.1394415541813,1.6691778262365984,639.6917088800435,0.24828930087418127
226,thru,1092.6918561044467,83.9375,8.0096654074447,0.11385745670708457,379.6665290616337,3.3729080052766647,665.5212183352447,4.849073941515134
227,wall,698.1701627179561,58.7349026073547,-9.89193852804535,0.07461226320006088,343.1304327114723,1.5521495564766539,614.4518331774984,8.314604857487934
228,thru,1601.1785057023817,94.29998037812459,-10.487172532393766,0.02062590756554056,402.58549051301736,1.5475012341623642,671.7764505369047,2.607425231933078
229,thru,1189.6163707519784,84.1416657191291,6.7911131325168315,0.1509330613829375,321.15772627575524,2.870925265182243,628.0866084966445,4.9393078043585
230,thru,1173.781306997595,84.21413344861497,-9.816460150969304,0.10796575085827295,388.86719464545973,2.907199572843615,662.1684521131413,3.1419942010720847
231,thru,1601.7804125207085,87.66228557396602,-3.065320624129751,0.0669999753639598,390.8074843437521,3.99726451833727,670.5912113039828,3.5450009006967473
232,thru,1383.093477651126,84.43749999999999,0.4878863398580991,0.0316742434606243,422.9904146797461,0.20033544289117866,753.0808903930059,0.6048765496788155
233,thru,1120.7149621504632,84.08864758137653,-6.941068349550052,0.12025839673760977,365.7731707378416,0.11872802927500009,620.1283151071154,0.5396187652467107
234,thru,1084.6854455667008,84.43749999999999,9.692847517427108,0.08194914937086256,347.3235434136931,2.6170634193703055,606.1044272892655,1.6258502881751788
235,thru,1310.5313238444926,84.43749999999999,10.30744074467272,0.11260104802094634,377.3504468515828,0.44966423373510694,686.8070134905332,3.725711198386588
236,thru,1280.1775985046963,84.43749999999999,-6.156887901192337,0.05887466710497352,289.063526340498,1.2044451420704152,577.1078210830481,3.9808210160044046
237,thru,1600.8528472972293,85.70071312465215,9.552552012957525,0.09276308413812001,373.4075137446462,2.444696912942048,669.1714442630434,3.1756233825158904
238,wall,551.6609016859542,44.519117888030166,-9.849722717465799,0.017610608422574465,364.35906207136435,5.568763857480775,,
239,thru,1187.1362070760777,84.35861248331577,-8.099526215647096,0.10680872162479803,398.60441959269974,0.8530206270482035,719.3169644764757,1.3181857086504567
240,thru,1004.4297640139268,82.10661986366185,9.907522740756402,0.05992746084266371,382.5607072528964,3.313635480118576,606.0574786485116,4.823306451305826
241,thru,1600.4989351278216,93.14956386570653,-1.2699914837356645,0.1798335214504275,391.136617142872,1.2459908745498165,650.5055405593341,1.4633851731621355
242,thru,1186.219264533578,83.9375,4.119659472718096,0.09070392844305769,338.0494104959937,3.225810169428386,657.6893185531698,4.625698142999085
243,thru,1600.6168931882517,88.08931605932565,6.304854366440686,0.025578675721924547,360.57248550671267,2.534523936769619,650.7629801580571,1.9937542937719592
244,thru,1214.9090573750664,83.94455392879753,-8.295590337333064,0.05376240429135248,339.7332475227009,1.4958718835346285,657.4453987305692,4.021210963652849
245,thru,1347.232564133184,84.43749999999999,1.4869974247451998,0.014068939166015171,427.4912626340555,2.0092561584158664,715.3335629428248,0.7036497627978988
246,thru,786.0619453229846,62.9375,1.343302312058183,0.07565586102825163,354.2797985124622,0.4113845522602781,651.7117745530054,3.4159884377413556
247,thru,1146.1937111643833,83.9375,-8.243244492121523,0.1289536091336328,342.6953821925129,0.005621620615023172,650.5052813652859,3.143557691192126
248,thru,1072.0863568311793,84.10961615172447,-9.741402006638472,0.18701702191357314,367.13434557409187,4.441234665100551,647.900779545765,8.33964166418325
249,thru,916.5818166112977,75.4375,8.29635211386388,0.049773483560572256,343.0075926315307,1.2216672031980447,637.6866837323955,4.787857882232283
250,thru,1601.5599499014506,91.13298355530412,4.5262951660305735,0.12432949474632671,336.2841866310127,0.6327514578177033,700.8808250091662,2.4348628946950006
251,thru,1110.6784620830274,84.43749999999999,-8.458056783721167,0.03471915754349957,369.2563418350983,4.6216071260160545,692.4932701130605,3.98515960825915
252,thru,1347.0275977754948,84.43749999999999,-10.056391798394106,0.13277932687346858,398.82909305659973,0.7234511255645221,631.7762595014905,1.2530282897870353
253,wall,685.3747014661485,50.3125,9.48765881818395,0.12975537309079965,445.4430636215787,6.179445949608037,,
254,thru,1232.1171041476034,84.40231379307261,2.5018840453771354,0.0525260694318773,343.81453167787635,0.8905520721542014,609.7139705235284,2.6508845409410844
255,thru,1180.5510494745868,84.00847999020405,-9.928725083777834,0.14810718848856283,366.07695078521834,1.0761382445007586,661.8818215897123,0.5134600364147961
256,thru,1080.027453749779,84.12935939356545,0.9876466268940296,0.055001090209177435,337.633601296695,1.6157742761422769,635.712216162435,1.3726192502225927
257,thru,917.9840008839508,73.4375,-7.299298207628033,0.20199763227660836,371.94243129463644,2.859009167268633,639.6896297869172,3.606883234425764
258,thru,1257.4196941455891,84.43749999999999,-9.909921180111384,0.059652733394979375,340.28894753585666,1.1105462111525128,635.7629752520634,1.9505550200188124
259,thru,1218.0229103310508,84.25687074434083,-8.056832227241767,0.1391109584163986,344.7064903241955,2.9597521348366267,633.0746652295815,1.161078827348788
260,thru,1601.2695018441386,85.77928619928178,-2.3626502051664984,0.013861501158624206,349.44739241010313,0.04225283555223113,606.7528355654287,0.13852917932982806
261,thru,1149.6918825682167,84.01441849786418,9.935484974843694,0.13262645011045407,357.0929287872827,2.134095639992837,641.6632301179228,5.070439277045971
262,thru,1601.4090325474904,89.00142978971905,-10.977648864994594,0.01833869253816657,370.1254000613075,3.5509879960663677,680.1550934345229,0.41341226065434
263,thru,1111.7302077094016,83.9375,-3.0162891005159005,0.11172957598321606,345.50416898913653,0.35570319303405223,646.1394551980309,0.5609542552450313
264,thru,1460.027372013238,84.43749999999999,-1.3359449091850022,0.1603617996072403,369.3156459348312,0.7726794286549172,688.0656830556981,0.5613094900920391
265,thru,1451.99138630255,84.43749999999999,-10.437965505291249,0.09042319541373574,343.08505259644835,0.4967944565959831,592.9518886608482,0.640497878306145
266,thru,1288.610146589173,84.43749999999999,7.840336534072645,0.06771779100395636,346.6340269684573,0.7998196676662426,758.3261761220836,2.5485080584867106
267,thru,1099.013568833162,84.08434560912193,4.139493937694504,0.11166486776085974,331.10284787244774,0.6694130475668076,633.0069412187587,1.2399001470051478
268,thru,948.2496911834684,79.6875,9.449311950154472,0.15484874652124136,347.7104712328569,1.4806515536823237,592.4055455047751,5.218088086648522
269,thru,1184.9108956279485,83.9375,-10.117598426201566,0.1297871196457876,358.5961325135424,4.020857529888441,677.3397985609364,2.410431638530852
270,thru,1069.294908355574,84.27621693031358,-8.864464588967582,0.2002208307315111,339.3278995289969,4.683818353983714,582.8017687384462,5.8548656569465525
271,thru,1601.9409113788838,88.07305525295524,4.155034472902858,0.015553301338063963,371.6950843697378,3.863297122310693,675.7914612936975,3.9296065119052623
272,thru,888.8144164582795,77.5625,-7.692581920413295,0.022344948076104775,287.9199854805767,3.6194586513115636,573.1684155687446,3.9928117767285833
273,thru,1600.5347263303095,87.38187981955693,6.306633500600849,0.03695941697276188,373.00542927839234,2.8983019491676707,668.3994031079695,2.3251098041185787
274,thru,1283.679802162353,84.43749999999999,10.12397362918799,0.113627804225146,370.3085395723873,2.6976636866456802,627.9308624425615,5.537275248409927
275,thru,1231.0687408862277,84.43749999999999,-8.894564862322069,0.06888478049883427,347.7203936075368,0.3671868526895076,627.9735528050245,0.818122817971564
276,thru,1023.9291002185331,82.01664181276986,4.4695236193721515,0.08941177168433548,360.9699389367264,3.0964838923894864,633.0966799847463,1.2451689507242127
277,thru,1163.1171762555566,84.37942142399092,-3.3903854526318464,0.08305615849522603,358.48178093232406,0.8875888823305312,700.2095693064589,1.8930458226838145
278,thru,1356.1399669518053,84.43749999999999,1.1607131583116252,0.11328647912349032,376.85436044818204,4.4093133605985475,723.9084238158839,1.7146562310182476
279,thru,1177.923668769344,83.9375,2.2524257509905494,0.036061009035229026,406.3076233858007,0.5262958095038435,716.2309646052192,0.5408278131137754
280,thru,1024.564868850466,77.5625,6.568401887393859,0.10847129137972346,314.49408956183225,3.103483768470682,648.6216907499311,3.317213474483527
281,thru,1095.3167405023953,84.02870815310315,-6.85938021882759,0.06774814997482972,344.9492522449602,1.6696246968471373,652.8439733047637,4.608226982313286
282,thru,1052.4556529677864,84.43749999999999,-10.0287098332205,0.05325028075921716,335.8281837670925,3.279707169877808,608.35757176232,5.91965812582419
283,thru,1600.6584954835744,86.8586195347796,7.039364932642577,0.040562780104516895,405.971999033104,0.9850189839844012,667.076400996215,0.36840028291437843
284,thru,1128.835294717942,83.9375,9.006488641325625,0.12963220554494764,389.1041505314581,2.8834671790385586,615.2242948510739,3.88754766406323
285,thru,1600.9538311674694,87.89659028959252,10.253005324908429,0.033334122641573496,408.9357882585458,4.561614778961007,735.5576092280602,0.7400374681780348
286,thru,1600.194201445917,85.29682790139447,-16.60000323955691,0.030051756390393626,316.1383736172105,0.3503045944187764,653.0247290652071,2.986839754643988
287,thru,1465.5269606946517,84.43749999999999,-9.505574553098253,0.059043751079686416,391.8706947442276,0.1309913037719189,780.7564606585968,2.6577731877517166
288,thru,1600.2116851896628,85.51638325004774,2.279146056497014,0.050613904944860476,423.21981548392006,3.5204545353288443,700.3674907463086,1.6082226752948634
289,thru,833.5213233419523,60.8125,-8.98265745927854,0.30182497016610577,425.87432625861385,3.6825493102437403,735.0501847639775,7.71530989563076
290,thru,1600.1509172412552,95.61431959887344,-4.668066174589558,0.029949739649975462,344.68071535808406,2.5412264307264785,637.4273517464152,0.23212902017869969
291,thru,1601.6026857415816,90.22526871870174,-11.982140720956378,0.004396294171911685,389.8717145904177,0.13336892645764886,702.6689013212598,1.3227509791396443
292,thru,1175.628179574653,83.9375,-6.845440395670466,0.06512004290962077,331.83979290927925,0.294463908392681,631.9606068700577,1.413220414450425
293,thru,1108.2147575496904,84.23361355712716,2.249207563878865,0.1339896436298454,297.8656361946357,0.821453537591552,594.9464890910652,2.952064428341733
294,thru,1178.701195557245,84.43749999999999,10.030580248500582,0.14877152939438645,379.16624931757696,0.4552755126540046,639.8109565713094,0.6336142586442127
295,thru,1238.4431907972132,84.41492209838253,6.707894802947995,0.08001780361575386,367.57424814888475,0.7465906184165892,705.0888013310631,2.1485704218349566
296,wall,380.05792737397,33.478857673774066,7.78775574053728,0.03720194993031046,353.1201225285,7.1443827339726695,,
297,thru,1144.8399327633863,84.16884632731798,-8.925202711710105,0.18706939161567598,352.36888628652684,3.9676594713422086,664.3445053258649,2.390147466450387
298,thru,1601.735008506574,86.32844838430846,1.9733571399013503,0.0025968101407545605,371.0243043646063,3.110143492351087,689.3439866052119,1.4492367693702586
299,thru,1600.1437481624191,85.6678865026364,11.895632416415737,0.027827281927861755,396.37481882057375,4.300224977380844,641.0377840373853,4.358702002558936
300,thru,1183.01945752179,83.9375,6.667861817563636,0.15884918562090466,509.2567535522836,3.72544620303417,761.22112954498,2.6523595421371877
301,wall,487.8179053341009,37.6875,-10.260825475969819,0.11682439757946114,410.4393511033277,8.222913507944574,,
302,wall,669.4862866752231,50.3125,8.049010445235723,0.04840526121578988,378.56875406093894,0.16344933199559863,,
303,thru,1275.7460112744354,84.22000486948951,-4.584794744951753,0.05973218334591959,379.7186336699113,0.3442462620199149,702.8359390561037,1.095104360426987
304,wall,653.7454437349592,52.62220065728589,9.569135103948634,0.1612716618781021,403.9357503844671,5.293825945520344,,
305,thru,1288.6321637619078,84.43749999999999,-8.331819496097214,0.05599780760666873,373.826462516071,0.8581020413253456,678.698097141069,5.551706622257764
306,thru,1601.1527813404143,85.03210968669077,3.555954946555287,0.01418218521317598,392.02816848228963,0.6473261282280999,681.3305340467543,2.110291800122838
307,thru,1087.9526753586283,84.43749999999999,-5.683430088002217,0.09259760839805044,342.3116629427951,1.0061598046884392,599.5717846819612,2.228963031122099
308,thru,1114.1753874648634,84.04260218429555,-9.349925877187074,0.10825991726688249,303.85037074980164,1.1109706020490733,638.0553174813654,2.9662987343508807
309,thru,1109.6953098477118,83.9375,10.666709338839162,0.17099623743332967,378.00678632245797,1.4186854536019027,632.0813513414778,2.6692395489469485
310,thru,1112.975339845712,81.8125,-9.591562319904593,0.12667435847050748,345.65521243600983,3.079940453500127,659.4990253341384,3.7755390409477627
311,thru,1219.5538552158685,84.0602522251571,-8.088888931293985,0.04018328500498619,380.42331560856144,2.5539194328355563,603.7911408911687,3.078338180911782
312,thru,1150.711732788403,84.03685226132119,3.13131182376916,0.053547001411400875,320.7075957436337,3.4052355268632213,647.290599960568,3.9957504138227935
313,thru,1135.004790475092,83.97669360018745,4.526098041008406,0.12439701940348367,406.6626570867746,1.3670649260078331,695.953424559002,0.4975918493449698
314,thru,1035.369725099451,81.8125,10.011763331872702,0.067328493913612,385.8143805517291,3.8620254859197467,673.1603234061489,5.039737482659536
315,thru,1600.1960294854068,99.18710222647533,12.920918032817145,0.11884448879339109,414.3098774748374,0.015462832061548634,678.1199236538196,0.5847514282380236
316,thru,1230.7928593266288,84.43749999999999,2.3714545764471406,0.02662619139908283,411.97791237892005,2.9412630168213276,658.7373933403187,0.7806320511997109
317,thru,1248.2096219707153,84.43749999999999,-6.899391385955614,0.08664005863222281,326.41558183569106,2.987652591990221,650.8843430545521,3.219871608855989
318,thru,1216.4758313829775,83.9375,10.34299587940754,0.02440671359803258,341.3437314854264,1.2324366655909578,660.9855309745918,3.342367414817623
319,thru,1362.6758152799173,84.43749999999999,7.229046508794916,0.026440588082693856,427.714421279004,0.284419249421882,730.5248790228433,2.2523842707107375
320,thru,1118.8918700620432,84.21290798671194,9.74433761714183,0.0665469727006921,372.56076759124835,0.646452833051408,675.8131878034962,3.6229032078692995
321,wall,740.3744762317356,56.670548537226736,-6.661958128620529,0.007239972953348605,395.58256712388516,3.9079970268781112,685.8025709685718,3.5083709783565813
322,thru,1361.4516899723897,84.43749999999999,-6.574544774577861,0.03510029245462568,372.91064635196426,2.2775830835291693,698.9260513015354,2.1497438277989924
323,thru,1034.7085818196658,75.64272799367434,-9.933900288629323,0.04758279133773414,407.9468419255041,4.668737541642307,726.7842135441234,8.036135332583715
324,thru,1104.289179796087,84.1211595103323,8.401874542080634,0.2824159086972423,382.18205159397553,0.1014238591142346,650.1509117967283,3.006434076770219
325,thru,1189.8188269639284,84.42653419549299,7.6686076627048445,0.07447722656519186,362.5484730550928,1.1874896483522033,657.6308265751164,1.1784622233088815
326,thru,1281.5763315913543,84.35124540078121,-9.05654508145391,0.04942385867816286,379.66565807317033,1.318408989987712,703.9573593459919,6.757974255759949
327,thru,1293.6476912339108,84.43749999999999,-9.741515186232938,0.1158969542868885,366.4189439220972,3.424765312591197,628.3270138003556,3.2100759462573847
328,thru,1416.7447613970119,84.43749999999999,-1.871052447342578,0.05161364592655027,404.1982155967303,0.04291988077861117,688.2367873956982,0.6333754687247415
329,thru,1175.5842186535442,83.9375,-5.752499870660153,0.05692555258250239,362.4473832833107,2.8356583175752546,685.562714203341,2.9548847871084276
330,thru,1600.0774086903555,90.61733185762313,-2.560946615954229,0.043754163727636845,406.3185917811058,1.0643627023064959,651.189610463843,2.3661522041354943
331,thru,1142.1966676538575,84.25895446094749,-8.492043329195296,0.09524518220889003,403.0568919646783,0.9055674171972097,671.0099484879826,4.283053553910328
332,wall,712.1761191454821,54.4424266090715,9.737923929730314,0.004497466490132223,391.0231919910773,4.239699025372041,689.3434725394478,8.647225594273742
333,thru,1311.8881409241606,84.2808334578401,5.166549561022912,0.04974643645368741,467.21759841717295,2.302936071642437,736.3870359163928,2.17732012800363
334,thru,1126.9354766824142,84.43749999999999,-9.720308510695505,0.1423579767479931,379.761173126134,2.174814775237647,622.212850644957,3.852398937469083
335,thru,1072.3931338925456,81.87617200273637,-2.0017486901032475,0.06948277547262634,296.4077527611838,1.5877841499882301,573.1584557364292,2.769820176432268
336,thru,1299.391550950843,84.36459755989289,-9.781804711191683,0.16878708822539149,401.29688746789424,0.013002059883586374,705.0643777100853,3.155133614874842
337,wall,627.3932050197731,44.223230751790254,2.2893522762249883,0.11281892782968624,457.0362592551869,0.5100780104185751,,
338,thru,1600.2279934458713,88.95959011308443,3.9020635391149745,0.02182658032166024,366.6017491798365,1.1294742886871443,618.8508230029908,2.104954993202113
339,thru,1601.3340280873972,95.02437792669897,-11.282422643553366,0.02559011679863887,368.2459543441523,0.8743564026170512,643.9816979313257,3.56197272861337
340,thru,1273.8706153040507,84.43749999999999,-4.9086493506293785,0.05675384549421538,396.7256873019744,1.3396947858836108,691.0019501260035,2.06391421202335
341,thru,1232.1710318973057,83.9375,9.324289061434163,0.08383959387826986,373.7410746877883,4.5578553834381355,650.9248144259437,4.319196901779429
342,thru,1255.428825839894,84.43749999999999,8.459953421300986,0.16076627837487656,363.5661036319366,0.9156530950907588,644.8874087953475,3.32452292433128
343,thru,1601.2559887822936,90.07596416512077,-6.801260454789361,0.060871257232516116,309.01637693966046,0.5957119445472969,594.0147420472201,1.8610798575827108
344,thru,1297.78366725013,84.43749999999999,-4.787488177440839,0.0365214216478614,369.093179215687,0.1540610161612393,700.1759706909747,0.4603157840088123
345,thru,1537.656116342796,84.43749999999999,-0.4945130046819754,0.05067964808107598,366.5526277154858,2.6045508209559967,661.9363958897625,2.312575001348799
346,thru,1198.8674726107695,84.43749999999999,10.436759588164486,0.05269722491058385,371.1916871769197,0.6628206197166562,657.9919118815083,2.880098635935372
347,thru,1403.2541273174775,84.23270227721407,-6.014417760270579,0.18527046217216714,396.44991264878405,0.14911314663775027,668.1717696353772,0.5197669549623881
348,thru,786.6440670320253,64.9375,-3.1487654462467045,0.041264267285049526,399.62839300357723,4.264915621271734,611.1238105421698,1.4135790638413657
349,thru,1092.571449354735,83.9375,-10.29774005621244,0.060385277350798405,351.26627224773006,4.376302497727422,616.5101888627859,4.017820738638117
350,thru,976.2643144382027,81.89191846023427,-0.21265028155274657,0.07609679938109336,312.45723965250295,0.8095728900657686,653.7043817238091,1.6980659657519221
351,thru,1100.1502816639265,84.33327206661293,6.63243838314932,0.033425996511009165,369.48994997594514,0.8648402388601406,659.1434269446556,3.3064513692685806
352,thru,1600.6264913509017,86.112402652236,10.291596395036244,0.026146868602132695,349.75830415122147,3.0357609941788914,682.4832586264317,1.5876071928527051
353,thru,1269.3826186441902,84.06872464751355,-9.768870526633622,0.15043770780322535,464.9538052923676,2.654437865466649,768.7337301144919,4.9384243878761795
354,thru,965.6865362015848,67.0625,8.384549603078941,0.09588578309985475,443.904322219886,2.9576975570415076,773.4818781692039,6.596029531417911
355,thru,1601.0818220366718,87.73182513367368,-5.0086811710971695,0.09299369408872085,343.31619913973464,0.5259120054265223,613.4256519539186,0.056607913737418525
356,thru,1559.3080095907428,84.43749999999999,1.1084009849194951,0.0806724836681228,396.4107747616146,1.031820334008881,722.9006250426761,1.6237552850630386
357,thru,1180.5300160949732,84.43749999999999,-9.42409960818313,0.03933560146416526,394.57118086540953,5.0609489638229235,647.0501114618713,4.603638735115708
358,thru,1297.339300717926,84.43749999999999,8.046039246707744,0.08996147403455415,380.23489391807215,1.0689880137396068,735.7126995267129,0.491543102299994
359,thru,1110.3226334002532,83.9375,1.4150884615645332,0.022449024285643396,418.5417874042503,0.127051021896364,732.6475426351699,2.8554641251048456
360,thru,1306.1375498713332,84.37308711948062,0.06111221432625621,0.15363888997248612,359.42529719974925,2.3297312109475143,675.5606360920561,1.4945872861424174
361,thru,1198.1858942512913,84.43749999999999,9.873199264828738,0.05532821825974277,336.5390943870607,0.9945650405760349,621.9957369579979,1.4870164423193142
362,thru,1093.8739572297334,84.1670052901066,-1.9698458437247561,0.05075269857755536,381.3782419816278,1.5429866027605585,634.6787590270856,0.288324980171883
363,wall,385.36721098688264,35.98323264648655,-5.767431114334406,0.16818943704258738,336.4804036773054,4.804168901083516,,
364,thru,1601.407668678518,89.77855570661568,-4.0597907717834945,0.0782865230691852,346.6823460450119,2.7081647034927907,629.7328034290817,4.0059400531490335
365,thru,1292.0569035500434,84.43749999999999,1.9285955557047936,0.11791879039982665,327.5270253871461,0.36857137110413685,652.7576087084661,0.1628301641740975
366,thru,1183.3559329482339,84.43749999999999,11.447792209012984,0.02929125150378598,355.55613909847045,5.332918312480864,624.5324794044365,6.36925489386924
367,thru,1264.6137529057787,84.43749999999999,8.252338698379338,0.008348926344635075,361.50026165862903,1.6444845924173395,583.6273451661738,3.5477495502033096
368,thru,1600.0308492806769,91.51694318278669,11.206034713817495,0.019671100401072516,361.49343820074364,0.6633209361887287,681.3111533524774,1.525745086319775
369,thru,1083.4200445627578,82.0866344233894,-4.398995111397024,0.07460430757656575,398.4001350249084,2.398452748681333,637.6618875836931,3.612675947023269
370,thru,789.2608352252674,60.8125,-0.5103889945662019,0.043683033168692015,377.339074566988,2.36220827456109,668.0835990855691,1.3828350009690222
371,thru,1601.844278832548,87.64439796073506,-1.1056788769620811,0.028875931740969394,407.99566714860873,0.19198747082709658,663.4858466870922,0.9714579228267461
372,thru,1350.620447251305,84.1739339508214,3.138052897007938,0.08404349531985683,387.26569947814744,1.9720394281235534,735.874791079276,3.537448447395868
373,thru,1118.6812748718266,82.17644414725416,-9.851211721223745,0.20755628914038599,360.98714664349325,2.0898407010559827,711.3820731130326,4.020006988013299
374,thru,718.1548141517392,62.9375,9.98179749196638,0.16394342157692765,334.769822116962,5.116287694658639,586.7336585285625,8.228195444607659
375,thru,1147.5733914171553,84.00695748779611,9.896960442462703,0.1758794799166462,366.58941822751297,2.8782993607039042,644.5607756587391,4.8398061670911146
376,thru,1115.8914448196203,83.9375,-4.028684665176855,0.10297476136507193,373.83809730196015,4.5194033118704935,712.0556565007385,5.321210872357053
377,thru,1415.0495408327,84.43749999999999,5.969305366072536,0.061896487999226035,336.3109951328958,0.6248773651961517,664.9716528096152,0.5125861985913964
378,thru,1056.8271306432696,84.1019052310064,-7.507686878091601,0.116657813580242,343.94446039885725,2.0834973547744657,652.435519604851,4.808668807488594
379,thru,1600.2438542467867,87.50882365882993,-12.6330200028313,0.05407905922634882,373.54196150388265,0.7513634066273698,662.6731899489484,0.03931975490274048
380,thru,1151.6261323651538,84.01593576613483,-3.0482318153207646,0.17860457186775466,377.5314567478944,1.9969989579662577,627.7955707176815,0.2699562885443456
381,thru,1369.6261311242656,84.43749999999999,-1.4608997840165885,0.06621722606464676,309.45226312939667,1.5116808249078413,642.1267462460979,1.8611235390206788
382,thru,1600.869116805994,90.92777954758661,13.973421558519496,0.02094880325622211,359.4363442394206,8.958516559788066,651.9380400995616,7.653698475469097
383,thru,1129.5252059910301,75.4375,9.062012216734848,0.08399065045501725,468.2649283848904,3.6949406929461213,807.5832072165505,8.486804429000436
384,thru,1172.285820241987,84.43110404979971,-8.336652576918292,0.13450252163412488,400.68374370239803,0.9558833542289761,682.3057506774369,0.36168743015358923
385,wall,489.7271886628579,41.9375,-5.591806659001616,0.06700661831313925,353.4144104170409,4.040658493712109,,
386,thru,1145.8360202567624,84.43749999999999,11.329900946213485,0.1288511195858508,375.4835355048201,1.4722392028242033,624.909650727942,2.84122359136979
387,thru,1085.9454062939012,75.4375,-5.6799250625323605,0.09508583701798481,451.7303853004911,2.9420772497342984,765.3039456029269,1.362810318525421
388,thru,1309.8206451290805,84.290949404983,-6.707623925126783,0.036950552891183625,410.5152725511578,0.3188867683118799,763.9697384932421,0.5568122379937199
389,thru,1382.543517180646,84.43749999999999,-8.301645850988125,0.026147879326719692,392.63364085503014,3.1098929334188434,704.7794857068667,3.7434755140817004
390,thru,1217.1473041304566,84.41933644778545,-2.102057658997082,0.09304584022471497,428.7700760697766,0.6821095905454855,730.687140513321,0.7683031215782846
391,thru,1282.0085394851944,84.11450768437666,-4.422839425226755,0.12648567572501693,342.85117463956357,1.2160848378822646,639.1671816549587,1.796085651720337
392,thru,1097.274414617699,84.18346258683405,3.286500070671367,0.0441845914864137,354.4712047862375,1.7335109266182245,620.8551150190094,2.6335646176597813
393,thru,1062.5786852900444,83.9375,6.301751142381269,0.15585260889242192,373.02489861296385,6.803322665196562,652.7442789533907,6.929404544693436
394,thru,891.8908517674759,67.0625,9.439176727086892,0.027278942181169073,347.5271827577119,3.5121229665782234,668.5286634462514,5.314149482763141
395,thru,1103.2646929261855,79.6875,-10.417163830467176,0.07103253031276097,398.62401116897894,2.755879860058471,675.5338187140122,2.053400394494088
396,thru,1600.0744397311687,86.51015217373484,-3.8688876783678117,0.0836346230211215,398.58705131262616,1.2600826921661064,624.5662332628585,0.5853882472378132
397,thru,1489.578579159033,84.43749999999999,4.219675719264337,0.04752088993002497,403.6612921978812,1.8577105783518284,753.5711431024941,3.0129717794528297
398,thru,1600.235200041482,88.83253894895748,5.098143842268635,0.06681677381381915,371.76064332958276,1.3778180086450897,712.784708006179,2.682616059936582
399,thru,1288.1878990347684,84.43749999999999,8.6129294662579,0.12169581669446806,370.0539264447901,1.3043664295940394,668.3450376443435,1.2118397058126984
400,thru,1152.627551359041,84.43749999999999,-1.3784896089302694,0.04096358060693891,367.8651979718112,1.230787340061889,614.8820565684048,1.236750649945484
401,thru,1551.1678378628285,84.43749999999999,-6.27315131408957,0.0407091378371506,424.55869976023513,1.5957325562198033,708.6510431904865,0.464878839250767
402,thru,1281.0867042256707,79.6875,3.3334620262063535,0.07576913490850017,390.1681452321016,0.881920196994626,711.2546549956936,0.8414298537452699
403,thru,1328.4625820094855,84.43749999999999,-1.0559004523525217,0.04907949213331654,430.61685506828536,1.4341242515649524,703.2712075622278,0.2702125621472919
404,thru,1600.1516737405307,88.36386358438642,16.833285534138316,0.09046858784439857,344.7612443443441,2.758372584703759,663.8399705174269,2.5891585370420005
405,thru,1189.2394054493595,83.9375,9.285052193591435,0.021227028753012835,458.87044446917827,2.4208067224152616,732.4569759161685,3.2802553410642976
406,thru,1601.2487855035934,85.3357896395422,16.51703080619328,0.01777387740365789,337.1905342446701,2.9997657686399672,665.3914307390434,2.793531026619467
407,thru,1393.2971348222254,84.43749999999999,4.483632581561403,0.0777731243476147,380.98509280439987,1.43355587398885,661.1130522614964,0.8256117929633288
408,thru,1295.4309636260607,84.43749999999999,3.847733166741364,0.05112039697616167,355.5421090787251,3.6033162297982844,689.4817658000653,3.220750432492549
409,thru,844.2016022282806,69.1875,0.6640675640359283,0.14230851555220386,362.57124689330874,0.4959985593916714,623.2753693487207,1.6699487982732064
410,thru,1122.6265634617932,84.10568470121787,9.825398233654383,0.22366857216407973,361.1825125249419,1.0644225414764759,640.5267900874005,0.09584388036222667
411,thru,1256.364559423194,84.43011050233474,6.831344975239309,0.04354389767662001,399.88070734316386,0.9582819880691655,663.935733916466,1.1588658846351103
412,thru,1601.3638915717966,85.55576732668935,3.988699120766327,0.07721771562314236,382.8482447160798,1.3859687096118312,679.1877551492065,2.0774143934096694
413,thru,1600.5828124981338,84.45334369579786,10.985253384503714,0.054203477000922484,381.2085664949358,5.901965061808311,662.3800738503152,4.589174979745233
414,thru,1601.4488440912296,88.66773511155105,1.3597879306203486,0.0179369800809174,378.9688736798254,2.1325705188377153,658.5173913994149,0.3676946334160254
415,thru,1133.404315805768,84.43749999999999,-5.897786144196968,0.10581073814762797,357.26288321040823,0.6791243152621006,608.8384196065678,1.7770299616515532
416,thru,1426.1305917009706,84.43749999999999,-12.147514521639973,0.11827751634697636,366.8660193494094,2.4457634507994204,689.0254269449198,2.0648059239316745
417,thru,1268.1545040843537,84.43749999999999,-3.012736322561922,0.04748534135300219,373.40544297477817,2.0495559081705084,661.358867716227,3.3366744365332095
418,thru,1088.9101473279452,83.9375,-9.018373927063495,0.060207431316777985,391.9659510705574,3.1444461160468777,657.0089941960507,5.161058185058686
419,thru,1050.7884761142789,84.07740737929993,7.576036067264664,0.09002220335993374,354.9472912777469,0.9762528561420082,628.1544172682858,2.6848102796520017
420,thru,970.9330716645186,80.12234304593598,1.1807879664273486,0.09517426582916555,330.0106559615202,0.8874392128980882,625.2848718253699,0.8611113347552367
421,thru,948.6690377262071,79.79743153889741,1.7924809800486752,0.035120856109835376,321.6275353448489,0.6001389547165753,587.9979835824224,0.5789219480208124
422,thru,1600.1330634516353,86.66464011561348,5.280332078328607,0.014117538776412085,372.3660966592413,3.9283076083224246,694.5678055372641,3.3140582443542015
423,thru,1075.1557806137807,83.9375,-9.825941555804937,0.10324728033330507,400.0880896377055,2.062608017188408,632.5444661888237,4.162316565746806
424,thru,1302.4691712640583,84.43749999999999,6.045626763495237,0.12025523634130707,364.2851652618266,1.445848383311973,628.249576401474,2.65496403103745
425,thru,1206.0526340047763,83.9375,-8.787742893393277,0.16987333195945595,295.0743246813032,1.689931834756264,607.7050863319997,0.8860736043659064
426,thru,1205.2878871233572,84.10229022346114,1.5067085469677552,0.11828680076011966,406.99740871370716,0.25636431640050783,657.5608140214847,2.0110604875644142
427,thru,1601.147720964662,95.90727419864126,-10.248047013586115,0.0001472915198819266,425.3338408142614,3.8302350816948985,748.8299090168762,3.291553522568928
428,thru,1169.9400832518625,83.9375,-9.656260413960798,0.09814603302082126,371.3525051825575,4.809347323366702,695.6470080784203,5.938324785466495
429,thru,918.1073610439848,71.3125,2.5357787537219516,0.1737068665845508,339.9044360124081,2.510776589038342,641.8853324418751,1.8297312342704595
430,thru,1106.7491974882505,83.9375,6.192117541551105,0.11631742889851551,334.6278133542831,0.26285391505284145,602.6989520441944,1.024952110770185
431,thru,993.8135041057495,83.9375,9.91113770238461,0.1516243669069372,369.6372176164889,0.6304250362541509,617.105666253042,0.7656719807584804
432,thru,1258.883622335768,84.06879320112644,-5.101860844281174,0.21232474878071633,486.14172487177586,0.21721980185144357,757.8286342791728,0.9744201199857726
433,thru,1568.597143783746,84.43749999999999,-9.820712630017862,0.0767213138413738,340.35952169950735,1.926686807473151,645.5295062013092,3.725560538025463
434,thru,1600.3925634095287,89.37087492803514,-3.5137385385168725,0.037940716526435485,390.12997995093366,0.8719796207260976,681.5866730879086,1.957938487555243
435,thru,1137.0712150867564,84.43749999999999,5.60759450340563,0.08491212567934468,350.6479386850067,0.16531467177910047,636.4819594422842,1.1399926050839015
436,thru,1162.1835542182303,83.9375,-5.345694171842582,0.1420494976194959,379.9669776266797,0.5542030348969332,729.2341144971377,4.151728416611891
437,thru,1086.9369876889214,79.6875,-10.158784037802663,0.04456118288994369,417.94857501782263,3.359211137350316,701.1538683895556,3.1491857591265675
438,thru,1042.9654031951547,84.43749999999999,7.511287871944017,0.03278843154303113,335.4531799385783,2.8610412422321034,566.5107254406221,4.335609914293926
439,thru,1092.878363695344,81.8125,0.5114261140569839,0.13091180105716294,387.59730089543245,1.3967478210376625,668.9347761306996,0.4551292087785872
440,thru,1600.6442782620552,92.58302449474533,7.895950881934838,0.03134743353733589,335.8318774448037,0.6416167663434399,652.162380565787,0.3876457415821842
441,thru,1145.1082439956976,84.43749999999999,6.294237251845861,0.04504412645651803,375.7556443107129,3.348208701287897,664.9474099387418,5.689962426934822
442,thru,1601.8744498263986,86.96612056629887,7.881852619495533,0.03279481499356643,376.8553132171933,0.5448950182420861,648.0052837263241,0.750068618113944
443,wall,425.52259707116326,40.10993921888513,7.988237175685064,0.08735159930436924,340.85605259664834,5.4682613883153195,,
444,thru,1071.9957826045745,83.9375,-9.933636535582066,0.05436168749720114,308.1252386459363,2.4680405852872207,546.9981647833795,3.215312000531136
445,thru,1601.9398318000026,86.842873610883,-6.121878954752034,0.06684952633787639,372.5696477144335,0.3327662526389698,654.5835771783867,0.6472008348827064
446,thru,1112.0354123013894,84.23740218085011,6.826341670874231,0.048556800079980096,321.7098882852665,0.42719705277279707,591.2203702616022,3.5095942271517853
447,thru,853.1414892094658,62.9375,8.908288918094335,0.13590730546535293,371.6883580762779,5.427133108199048,696.607588700308,6.6853726301434095
448,thru,1255.8803894033324,83.9375,-7.113833224174438,0.14087278733195321,344.81510446510424,1.2678750486874284,669.6852524304513,0.04389102861436437
449,thru,1256.0751035049552,84.43749999999999,8.659681313001224,0.051910313167792654,300.19518840681013,2.779612919044967,631.2750124608239,2.777269084115596
450,thru,1016.0587915477703,84.43749999999999,10.041825638454577,0.0796616049666452,330.7098320668849,3.227196605347047,612.7954455998101,3.111058287277208
451,thru,1194.6172721813498,84.43749999999999,-9.895875838699533,0.12192083218560903,361.5665455534954,2.9753816437222005,671.1404261271915,3.0362650671118683
452,thru,1365.9470241116398,84.43749999999999,8.94465238919807,0.08931645942718536,343.0945376913943,1.12993577848753,625.243974177448,0.43403411143104836
453,thru,961.2180583831566,73.47898059153974,-9.057475051834423,0.0881220069027269,396.7763798090832,0.5157926620558995,699.5784608293819,4.551726493743269
454,thru,1246.345116611754,84.39872929334162,-9.799002512975461,0.3272959505924789,287.5004021757294,2.448019574579227,599.5594414210015,6.056931343685646
455,thru,1313.200700061342,84.43749999999999,-5.089608207007645,0.07287632705977656,357.47193689181574,2.232553898419908,667.1556573396933,0.3381745863524888
456,thru,1600.8369318755958,90.5317204974603,8.579744086870187,0.03413039978187046,331.6838933494061,3.173764725402633,616.228335647662,3.262863531634758
457,thru,1601.7219034151258,94.61598087304114,-16.27163594169709,0.05202795436191222,356.4400741845093,1.0914660651738508,588.7610350876544,0.49048027542717365
458,thru,1366.3478910522515,84.22902716945377,-8.139582351976609,0.19049408028676254,315.5107373979843,0.945453334500232,717.2025280843624,6.412421457547345
459,thru,1142.3973588540061,83.9375,9.907316598186634,0.016384558232622,365.627030390202,1.2542153133042766,602.2749542170707,2.766710867820115
460,thru,1097.807782779388,81.8125,0.576697641207064,0.06563955255789762,385.78149755145387,0.08284382886677209,688.5116294780225,2.411331831936226
461,thru,1100.1108373062807,84.10445818809205,7.475758037724192,0.04400692191034312,367.4551895993992,5.442600314159171,652.8498833050714,4.32087811718076
462,thru,1177.7802098543648,82.30793059789288,6.476246007061349,0.14152775129203737,399.1714436455455,3.27320121129822,719.8032875517094,1.7553255914467585
463,thru,1600.0452144127141,89.03102106049381,-0.9684136012312139,0.013182004187951448,345.5071690100096,0.13340771331011286,634.5279100729683,1.8292029979571574
464,thru,1039.3249317663428,83.9375,6.241940571572948,0.1264451016357545,334.357921185993,4.397886850370938,614.1751450722426,4.010459322463547
465,thru,1368.1997345373866,84.43749999999999,-8.771126527710688,0.14259573918987017,400.37473532276977,0.07055625939903151,662.2983389481653,0.6062136001626282
466,thru,1120.4990271782203,84.29294728602962,8.90104588353125,0.10048557983362899,315.93949641052427,1.75303090191509,597.2627146250613,0.8821269529983043
467,thru,1601.1231032283267,87.40212153902016,-11.189530205287511,0.04601698370454359,403.10192183132165,0.9133729988198026,778.3228817854703,2.690452569986598
468,thru,1142.0675292289338,84.18632396091903,-4.227798622887135,0.04463435215303931,351.40204101475734,0.3714849779559369,635.0308735898731,3.204509297028584
469,thru,1327.7411376154027,84.06508981294576,1.5628363412929718,0.09632750800031034,433.75282141014094,2.7450220103993797,692.8806390736256,2.6709201085471097
470,thru,1580.4628011961722,84.43749999999999,11.084275208466327,0.030480013312613807,434.02256016651637,0.13432226221605942,795.6082907132179,0.9529173509014258
471,wall,753.5850844639928,50.37617831981369,-1.3744802352129062,0.04791940795220227,371.9006819032863,0.6409735485953811,,
472,thru,1601.931656326753,87.71352071852695,7.344912669916863,0.048250427998134046,287.21268963282284,0.30052172114452536,570.8175112561398,1.6824275793020271
473,thru,1601.600287388857,88.74631120578591,1.1988425584896822,0.03890902546752035,394.1229894179006,2.2060656647986536,646.4669950005086,0.7384425265231628
474,thru,1017.4463815649705,83.9375,-5.883296472411199,0.23067365274973717,329.0356171964443,3.187235781986567,599.3667030110703,1.4562140315094931
475,thru,1585.0132817467395,84.43749999999999,-13.571135264989993,0.03169185413338103,421.339098593513,1.337454744923845,700.021453032917,3.221367829640667
476,thru,1172.9137459839603,83.9375,5.06494407149089,0.21948343348196822,376.2962910112879,4.628094872780354,728.0341272504864,5.864151842821356
477,thru,1119.3880529882201,83.9375,9.692928058762348,0.1789900998015138,374.89792224833536,2.4111707805487534,657.2635497837382,3.394390305390681
478,thru,1187.989928812152,84.43749999999999,11.536445675180449,0.017847798473014383,336.93658261224925,1.5257702710122922,623.0462415763782,0.22776668825198615
479,thru,1025.9764411985618,81.8125,-7.911899574806609,0.08229541675817346,361.2028734864582,1.9103408308110592,663.5916800513995,4.401575929984395
480,thru,1117.3504428586787,84.29774858581534,8.13329722362138,0.07475863368843251,394.79635490386136,0.46052519468210024,649.0616067053062,2.1529091764361215
481,thru,1171.8730443105317,84.43749999999999,1.6870648871463045,0.26071900621549204,370.5253112682714,1.396937835495898,609.6682032376848,2.41748604466641
482,thru,838.7904293690237,69.1875,-8.194991239479029,0.09079447594552928,312.47953927072865,2.6400117783235193,587.4734181899123,3.4326178296296446
483,thru,1183.2846889454484,83.9375,-7.32095814582257,0.10427667354817659,426.6616859199495,0.9680421175206837,704.6034013202624,0.3526863071278201
484,thru,1128.334793364408,84.15576502413786,-4.668251441675591,0.3227927119803161,360.6417775913457,0.1369263694772988,667.0819424981478,0.046370116837821135
485,thru,1147.181398329386,82.0336783000821,9.928415382973284,0.15414247596023017,353.4664163336483,4.170811793349008,663.6080822975679,2.953403630686547
486,thru,1144.1936566357967,83.97891510425455,-2.5656157474269534,0.036197658170676966,376.14097119591827,1.423615647050719,667.975483970733,3.306177294589684
487,thru,1086.9947075175926,77.6881655123819,0.65776843359884,0.08926026965076711,375.0059365047138,0.8472096577468965,747.4750206151953,0.24278411792603455
488,thru,1211.647461082425,84.24816211142543,-9.795007143785815,0.07820658494657219,336.44425592353764,0.05724682876423744,637.9096030763501,1.3894002142933835
489,thru,1095.3074936458192,84.42026865145688,3.390035999312868,0.16805678522602657,385.17020434993765,3.9693714062233765,647.1084778701206,1.9265637177916135
490,thru,1292.1824978360457,84.43749999999999,2.0046675916884205,0.021766027936819792,366.33584954680015,0.5143228320088792,661.7693101422801,2.879843330185299
491,thru,1600.3446538314652,87.82447739930292,-3.4455233935684495,0.0449333364089655,370.0079655420836,2.3367194925344994,661.3750832378572,0.27657651843376607
492,thru,1146.5256842112517,83.99809607872592,-6.471441332440101,0.0839741859902894,384.9310557787041,3.561261660542944,668.8085151012384,4.697931757346333
493,thru,1285.916780072294,84.43749999999999,11.030845914904571,0.050657485956256486,333.4873286707475,1.8793159196829996,594.7522215351196,0.8947586699753337
494,thru,1343.1451001321645,84.43749999999999,1.3579913767314613,0.10659794496192182,345.5593250422567,2.098615454494776,621.5806875366336,2.1969684045576487
495,thru,1203.3910668382093,84.1535492860587,-0.937611041035391,0.1530702037244653,342.2895491317715,0.01595107200457179,640.0912310748917,0.9790157816810788
496,thru,1601.3588397740218,86.4879744366302,-5.681793400225143,0.0274765899401355,435.24190341628963,0.3176557714155802,746.7857456785739,2.136240744288416
497,thru,1255.0000798406604,84.43749999999999,-6.4845750157092015,0.05454422289382724,385.5999574227435,2.3255405146805117,644.1824454688848,3.4529697755850446
498,thru,1601.4321713282934,87.78284986648335,12.636821085176322,0.00981085946813499,397.5843869553378,1.110822574224839,706.1987390175257,3.6983442212167628
499,thru,1064.2322877120696,84.19023341853982,4.0250477585428435,0.1045826490448977,335.80011770445157,0.6173136407391058,616.8590591750549,2.065248074634527
