ion,fate,tof_us,x_end,y_end,ke_last,t26,y26,t59,y59
0,thru,1146.3919350336355,83.18704035544052,-1.9833569080821964,0.08346163664989846,289.45477922450686,0.13926365705734614,757.3169545493712,1.683457546945893
1,wall,620.2556114600045,52.875,-3.417641349034511,0.09192441336484389,246.45116958254857,2.085630548202102,,
2,thru,1600.9295727042108,90.23771104360362,-10.077637650253573,0.03922123571091503,299.4560602433969,1.6035047209728266,770.7675449984323,0.8807113205088558
3,thru,1083.150931196481,82.875,-6.095451833783626,0.16313490688216778,258.4031375883449,1.1569690398861763,721.8058972910353,3.2504938646690014
4,thru,953.9389213904857,79.875,1.6712478309758403,0.10656564982791032,251.56548810540056,0.7134440107684068,680.0218784823596,0.9645122189063532
5,thru,1118.8934688373308,83.62499999999999,-8.992393467326485,0.02414460234625501,264.38468333856247,0.7451717112991821,710.5790469153399,2.0074146484615105
6,thru,1329.3514992737278,83.62499999999999,-8.158580627153718,0.0632683061015659,353.032372921503,1.9260907447357236,785.8743466814932,2.5597849945285636
7,thru,1090.5130258383283,82.91051923221795,-5.901541162433385,0.1123025569641313,266.15019805850187,3.038276675864267,706.7133090930421,3.048131316582644
8,thru,1148.7906704470415,79.875,-6.6423138989446375,0.1931514507407409,287.2430096828131,2.8482435723758686,814.9633547341641,3.366013545485149
9,wall,738.2823151500754,58.875,-6.819573331518651,0.07187014243174594,300.03502930696493,0.8880708836864175,,
10,thru,982.0639043137486,82.97717299910845,-1.9950098378731735,0.03842427066614901,287.8249744736061,1.3343247752112528,673.3015274182267,2.633879849116839
11,wall,560.2059469137735,41.222042855241845,-3.6367791395527074,0.06327848608985524,306.1407562369892,0.5320552248993716,,
12,thru,1410.6222530732384,83.62499999999999,5.339118444529227,0.014982360898678349,339.2132941879089,2.985365988751317,741.3975206176068,3.636256851337434
13,thru,1192.1912020468305,83.62499999999999,1.8437347411362912,0.03751862336889577,261.3208335415149,3.9945806358012104,682.1234675644868,2.605194292972033
14,wall,550.1748617648459,47.10864710653345,-2.315809383980891,0.06164090269410073,267.9395646948276,0.24541796026687357,,
15,thru,1218.4655355232585,82.875,-8.136810040037384,0.16591437893291935,335.26105250568526,1.025234593137855,849.9432049426035,1.6444719497222164
16,wall,530.9428203419658,46.875,7.499030442864396,0.027633800380188367,274.49155539346856,4.757179002256796,,
17,thru,1364.7193367745697,83.62499999999999,3.3930691661406676,0.043060658658667955,279.3344648269506,0.5029992221100176,773.8591188029037,2.540611914843788
18,thru,1068.1508461876017,83.10541547009942,7.55635759006422,0.004523432261550308,240.3517397085951,1.95581705813964,691.5377583344649,2.999275337722859
19,wall,670.3018483400109,49.875,2.4102147172198,0.053781095548521125,278.1392704369788,0.4544746051207738,,
20,thru,1601.2596012061463,85.30110874245533,-6.356564728035123,0.0551958498508999,246.9282139854637,0.7470104544395594,748.6831233743756,0.7733393092406674
21,thru,1285.7106972752192,83.62499999999999,-8.225402362170756,0.06497886727887932,233.45565826005384,1.0241920639216726,728.0413461531523,3.701119705900395
22,thru,1094.073614915973,79.875,8.034421439183673,0.14683691888437916,266.2463138650156,1.9988543799191285,690.2646807062567,0.05159553743526973
23,thru,1600.680925083819,85.23800382523581,9.83324447458268,0.025392026323514963,285.11898427941657,0.09802080400450858,760.1146966712585,2.1691326265076336
24,thru,1063.1254654006882,83.61445321571368,-6.33694191932586,0.07096426542263093,292.5947143815869,3.757626780435824,734.5693700438597,3.641644217983605
25,thru,1162.9305243180686,83.06678024512759,2.4285884901694597,0.23784276967718063,300.5685022458815,2.790566850824288,773.2069860818164,0.24743166575296802
26,thru,1076.485404465328,82.875,7.918017697716167,0.3011165470232397,316.4284698640916,0.3794137310212083,748.5443118302704,0.7898288272384907
27,thru,1600.4490695902464,87.46418015556903,-7.32220069929363,0.020363636989266312,269.22233866788326,0.9351654379761252,689.3186187142674,0.32495126422271325
28,thru,1600.0050228100351,90.35657200415754,9.492987861412814,0.023610282151079933,270.3574498535501,0.08765010437676306,699.3805990990805,0.27418664437408335
29,thru,992.9641393589932,82.875,-8.259079300744547,0.058071012027769334,291.4925188563977,2.4209384870138515,665.2081271766134,2.5939386756902434
30,thru,1300.514724767425,83.62499999999999,-2.9174488562321526,0.187891507210108,246.1456259969324,1.0714566692451082,768.4401050537841,1.1445604028683212
31,thru,1113.3227085007989,83.2203069773717,6.410689885836259,0.05623325973074492,245.11805167766275,2.0784440048405775,746.605093826703,2.766412268029845
32,thru,1600.7888534742046,85.56878084679553,-1.6220874998191122,0.004803777308756886,219.00586958044062,1.3880624257505148,709.5661580159559,2.8878484643735107
33,thru,1058.663508915257,82.875,-7.9269330203318535,0.037131976590894844,268.58403828140956,1.1795878110048823,713.7826923913512,4.131982481787979
34,thru,1600.2248917313075,85.41621220541623,-2.4631024484166835,0.1420205428782983,227.6644185009941,0.22458257301150383,680.3788568936064,1.4112621811181076
35,thru,1096.9992702395111,83.62499999999999,8.014208147927699,0.04594059051545374,251.1109142571381,3.22321710245714,694.3148117344005,0.22307515109060078
36,thru,1052.3151137055424,83.08424370148491,7.8629641781709685,0.05607354279068992,253.00108302935476,1.2308811995129583,709.2454007401907,4.538688252851618
37,thru,1247.4715257763196,83.62499999999999,9.35827368514396,0.04103770192938657,248.70241220758618,1.0109167028009591,735.2225954030151,3.770638107115357
38,wall,324.9933498156429,25.875,4.817131196667753,0.07672971554326016,,,,
39,thru,1065.8899894502463,83.55704066531706,7.827297609906502,0.20775425638997622,214.02112710683838,2.4693849896147215,616.1445351368802,3.526531397198183
40,thru,1600.6230885003881,86.42251680055708,8.501809690353209,0.024048149700144333,319.80733519663835,3.590524669547446,750.7339250281589,4.546872928384048
41,thru,1251.6957117462168,83.62499999999999,7.973458906881924,0.03387794389539416,338.087985672766,0.3880679409267206,784.85234826614,4.2478206186354805
42,thru,1072.6729716000314,82.875,7.529730346529459,0.060826417487566155,316.50594373203256,0.7273550450780407,725.9742931326124,3.7436972905753323
43,thru,1067.4220169907028,82.875,0.09252337053445236,0.08892931882874469,302.8603830336007,0.01286045352243283,729.7367489398895,1.4085052812998327
44,wall,670.0632786914807,49.875,-6.594324044578534,0.0587565912918382,292.135416782883,1.6525571619539192,,
45,thru,1144.8237201914765,83.62499999999999,-7.07068958742015,0.039844407325397624,219.3954901773476,1.8027729271551283,637.1619461192811,0.12625701239454015
46,thru,1321.0943118862665,83.62499999999999,1.3455202702929114,0.09491855878918316,244.32317547175762,0.1892144685043164,694.4518338349033,2.043491590193646
47,thru,1044.6128866164677,83.62499999999999,3.695774514691948,0.018738830774788443,220.61576359621142,1.999981730032566,659.5012101202993,0.5586085910277765
48,thru,981.6947509505827,82.875,8.126237608004685,0.03526462228164842,252.87469076674577,0.27157464829066436,688.3481488854248,4.427057049804838
49,thru,1072.0072190284595,83.62499999999999,-3.7017306284984675,0.03451366129369936,228.23996259744007,1.6176804013971529,661.9347051708874,0.7879287882865887
50,wall,617.1890372251306,55.875,2.4316283173264464,0.023380252756033264,257.6532321216444,0.1987429581173099,,
51,thru,1229.713717210947,83.45792768082562,4.548507847357724,0.07364892715358944,228.91908373566025,0.9801234030214213,748.9153608883681,0.21596811075048353
52,thru,1166.9087984643322,82.8753455776544,-0.09412702062971166,0.10805211932844523,375.93467209143233,0.8033354290021649,813.880679140295,3.0698635831870473
53,thru,890.4020192452182,70.98277997026351,7.644709818394085,0.023472654036788918,307.6246178471008,0.42631476039440674,708.510574931314,3.544895485473311
54,thru,1007.2029706343912,83.62499999999999,-6.808208295880842,0.09389070792989228,245.30462515689302,0.9709639363774801,641.6475634566789,5.813871052873444
55,thru,1298.4239599483583,83.3551254053414,-7.872946899992842,0.06708350912441895,310.60487647565697,1.5146379682882265,876.6892011492519,0.7594157543129262
56,thru,1477.7281424806554,83.62499999999999,-10.09335344286633,0.01000508627488647,342.29601910099524,3.9796279367663576,820.2254476390235,2.6881499714914763
57,thru,991.2018197005441,76.875,-0.5897397557443051,0.08861396998267622,279.99544183488354,0.3387095595168904,693.0091427544643,0.5344459654975422
58,thru,1000.2516188545837,77.26203113814036,0.7752775365127005,0.10886205904344581,266.3535787792604,2.257538696250544,736.0730384908637,2.99240675119673
59,thru,900.4802610256875,64.875,0.8796772934255666,0.04626033806094689,343.43916431252774,1.5251748989432101,826.5974595305072,0.41164858418356765
60,thru,1025.424969969617,82.875,8.113215471793053,0.08136559797951193,286.8702681957754,1.1945843596644343,720.3820943063015,2.801829017975603
61,thru,1118.3473912386792,82.875,7.8389827955750295,0.17879551006178956,299.2915770049208,0.4796215443492936,787.2943550196392,3.835675106657086
62,wall,332.4554280990514,26.187584121417117,5.125144079490867,0.1090963011338755,325.96291384614216,5.180416162969644,,
63,thru,1154.361644370911,83.00178294918882,0.21659494633356882,0.05764160684943885,263.19341870996703,3.9527031684073703,765.2356432775639,1.4909893865408435
64,thru,1077.105851195661,82.875,-7.575825255581093,0.1710584517795832,253.1296110039203,2.460932334613659,724.1437318716219,3.782027473597135
65,wall,694.5634757909855,50.05272630118676,-4.192850209609544,0.0571689780776739,273.9112475781131,0.05199856272492981,,
66,thru,1140.136891505535,83.62499999999999,4.713622470212678,0.01520421161401894,259.30873913882215,2.7479555659639896,720.9894436746124,3.6956518507809686
67,thru,1127.2848361578729,83.559532624004,-3.4625316791011023,0.13397839439569198,229.22711712199575,0.9549987398859807,766.3446631090974,1.5051033961776876
68,thru,1439.3524201256578,83.62499999999999,-11.413242652183037,0.041123035316939734,255.30364773016322,3.0649723327709117,714.3008905547861,3.6215662537672726
69,wall,355.2984771410787,28.875,0.9037487869684133,0.10081570099328105,313.65026995255994,0.19739044894262364,,
70,thru,1601.7198578310342,88.47447386758652,0.1897309499256693,0.015515312735727978,298.64642595229265,1.1844383821632987,783.6012492916436,2.779367070568945
71,wall,254.00745576137484,22.875,-5.403359857133802,0.0784636347058531,,,,
72,thru,1144.6143540752794,82.875,-8.953616369401937,0.0424508700403081,302.9559085165354,0.7501901849484776,774.218524668253,6.466113708934232
73,thru,1601.113056916256,85.65634581115883,10.062817767543407,0.0014331471408489944,307.45227118395263,1.0894735126438744,761.871108549743,4.280039620249796
74,thru,1539.6764739927025,83.62499999999999,10.98879476745228,0.03272549233977912,302.25210485372014,1.805264469115472,684.8041729123593,2.984364970769065
75,thru,811.0880121450132,68.23852718692676,6.27737652080399,0.03912851858525509,295.43227558694036,1.7738490301113305,681.6314926519459,3.2604847062218663
76,thru,1021.6082900268931,82.875,-2.2484665886064334,0.07200070672199638,307.8989477111071,1.203890533646129,719.5470351175358,4.0553437400491665
77,thru,1600.113492828387,87.63325052969597,-11.86755379119987,0.06940764929709434,306.806848455134,0.8636598224869385,726.2319235238413,1.728384579747672
78,wall,497.5603395172553,40.976106732345194,-6.884079497601215,0.2830075324439075,283.04570661706623,3.6756715664277366,,
79,wall,817.575047202813,55.875,-7.947833147589909,0.17252531098203774,372.03964928955355,1.2446458055850835,,
80,thru,1163.0036062831991,83.62499999999999,-0.48885080637650674,0.07173836419704198,263.1683109000332,1.1633815888238446,846.2128642552098,3.6352126040816377
81,thru,1601.670253806213,86.69862355512856,6.2889620440518765,0.015024532768408266,287.3069155139225,0.34133896548477405,751.7613120614553,1.087382419803643
82,thru,1127.0543416243208,82.875,-3.429031552321557,0.16525636661027343,309.6687488833334,0.7459513421749617,763.918869389352,3.154207168783271
83,thru,1352.0025076002748,83.62499999999999,11.841691141149157,0.08773324661293948,235.80799646553612,2.4763383846820544,634.2486127238194,0.19784420862626356
84,thru,1601.0141639489486,84.74949148093357,-8.638284326220685,0.03043187528957211,209.83071636489717,1.588366379477271,608.5751207662711,1.6454661321017763
85,thru,1124.3677096930708,83.62499999999999,4.960190797956674,0.06145451637986642,247.47159469730596,1.7707801812798785,747.5549298554367,0.29139759975346646
86,wall,404.0036443026781,32.0654074260344,-5.779480191438839,0.044554957535157924,304.26986876377117,4.832437536767701,,
87,wall,737.5578922290546,58.875,0.9807185451079722,0.0917379693957584,258.16222080430106,1.6433307074023036,,
88,thru,1474.231651410612,83.62499999999999,-0.8124210002429223,0.029901159982220954,286.25119621782267,1.521635396901126,825.9542013392966,1.15190612001501
89,thru,1158.4972135591279,82.875,-8.768736211716789,0.1341717308873781,250.49839755515467,2.1246080926219992,725.7496515004974,6.403648820367943
90,thru,885.1331265026018,70.875,-2.1271708077335787,0.02638908122949029,296.2710867547384,2.907735226866252,745.2529604337145,2.908716528148937
91,thru,1600.256413422362,90.14229892564029,-0.7505910017011304,0.02693184393480358,271.8163561140795,1.201434097766104,770.9076839357356,0.3418502041091973
92,thru,1234.7773745571214,83.62499999999999,7.360265704628666,0.028788120493534988,234.51730605082187,2.3371672203840728,670.7920303641962,0.5256319689741202
93,wall,463.64788882595747,34.98780512863363,-2.898105658318054,0.07835250195302083,325.139985484027,0.34842728271804035,,
94,wall,332.08286942812305,28.875,-6.798394636149494,0.10863894362083248,293.4667788216299,6.098117907980527,,
95,thru,1146.178601871586,82.875,-4.927237934700494,0.08524191280253732,330.90730729934523,1.98861689259481,780.5766537123732,0.2590339048125521
96,thru,1403.6992150537305,83.62499999999999,-9.659560397530688,0.02203386386548374,302.51809904769897,2.58251747628607,839.3328406031596,0.9043896358349133
97,thru,1378.6576977614081,83.62499999999999,-4.217020768176775,0.04383058632834611,328.8824093632294,0.5629632899626609,791.6669722117706,0.09300390868545888
98,thru,920.4523456410052,74.05203776421116,-7.7544261614178,0.06373472232548012,265.2464021538392,1.9777195069322846,706.1121386785275,4.773237954508437
99,wall,649.4995836792123,52.875,2.964829500740818,0.17708658698536098,295.64365613575814,1.7962691067914927,,
100,wall,672.9298912747614,58.916206096896595,3.451767364062401,0.06972922402007978,236.93303770423375,1.1309523571845432,,
101,wall,442.3539637642305,32.160527720154796,0.8509654509678746,0.07763009255132165,340.5496721030773,0.44165965742533736,,
102,thru,1147.9441799560425,83.62499999999999,7.719520432650211,0.05654263681769078,245.5985275888649,1.8719911640157012,678.4783426080951,0.36350164623228653
103,thru,1220.0664351669761,83.62499999999999,4.77488768965107,0.13833108026416135,286.4610014014814,0.41034876879564175,738.9146193168284,0.7872384513568991
104,wall,723.0045326801016,58.875,-3.0209041303248405,0.12360915765016799,289.48651784127355,0.1729357934907772,,
105,thru,1186.6129182110108,83.1635931158923,6.789206047149344,0.07689423594705765,333.1309095925135,3.493219858833792,771.6315573169611,1.8301994024176618
106,thru,1055.0366421508586,82.875,2.139209889942354,0.11597831824559268,236.15749593265835,0.192638689689297,697.3486160216609,0.7241997331968013
107,thru,1243.6523882574018,82.91388226143656,-7.53680838621928,0.04368684547148214,324.11034237428544,1.8347152761058627,863.4295594813767,0.015183198082446505
108,thru,1055.8975874824491,83.27505945904689,7.137677662558177,0.07324714800983143,262.43339321838624,1.777536239299074,726.4877026994997,3.1702717497299844
109,wall,652.4257161134567,53.08535643563672,-7.721258417792545,0.21254748006187285,257.2219166836352,5.259998352601935,,
110,thru,839.0473665083559,65.51991816900582,7.855958679919011,0.051612692803496896,271.35826803449214,1.765028159614189,750.958784788609,6.850090947471081
111,wall,668.1320057330387,52.875,-0.959006704724072,0.10113374081167305,306.9522123015689,1.1337482843723288,,
112,wall,503.8102846798384,40.875,4.448592430706936,0.023011681450049795,246.8484916317144,0.34691107900469614,,
113,thru,1040.251916304122,82.875,6.004609959517689,0.07463323097830384,279.6189096648406,0.5599298985485754,707.4576103493283,2.8003526749995986
114,thru,1115.9027183636977,82.87925239327934,5.3291744006334625,0.10859995503773125,284.9460326447274,2.03904308393904,733.5356775508103,0.4664585462260567
115,thru,1083.4125515262865,83.40098876844017,5.3724797273024025,0.07157004456050378,230.43070910171295,3.041709365114482,686.3452379666819,2.883370542535612
116,thru,1243.8138238695535,83.59393208889412,5.053773537059848,0.13642389161806875,270.0553077304689,0.05854746451492089,755.9215096495292,0.19999986311939327
117,wall,505.84684658791616,40.97446479706475,-4.236707493622974,0.07257487116723438,299.2942773380752,1.9055726844352383,,
118,thru,1278.5705898666492,83.62499999999999,9.829102478812969,0.030280797923833317,282.6727251382719,1.2565378093481014,726.2731872882019,1.858550456042898
119,thru,984.5985195337541,80.05996773898677,4.41050116989251,0.04554597408078237,234.39982268176112,0.6149696789116713,693.2845978592487,3.8095949311917403
120,thru,1395.1317841996192,83.62499999999999,1.214415010444848,0.15373337778284354,258.7300850573579,0.603323620564041,722.5587373078024,0.247273588731548
121,thru,1137.7080330075191,83.35836473291965,0.5057115286550791,0.11103000080390638,268.35489168526664,1.4848921858749071,727.9511693736102,0.5482184582863816
122,thru,1036.123752249994,82.96685992482134,-3.12511957284076,0.1027211989538162,238.49996927501576,1.7483442969304117,652.2628530903615,0.06830230579267778
123,thru,1601.8923588789407,88.71849316532982,8.27896797874505,0.019554660235856954,314.11842436125886,0.4903529089986105,711.0773482494434,3.1035212285663003
124,thru,1027.9369243722078,80.38327447056368,0.9849968539799537,0.11691060256392223,221.3767904943283,0.1041632490107641,709.9764208949468,1.6582191957342214
125,thru,1601.567859408803,90.04149035128115,-4.442145943117498,0.021267347625912213,312.96817698567094,1.5902669636969764,797.8125371234181,0.9361203024437803
126,thru,1600.5384509596363,89.47145050259755,-0.2130969227493227,0.03471874181156643,270.46186240572115,3.1657645666879985,730.3923641578457,0.6157846509536231
127,thru,1204.4801448475223,83.23448214311391,4.0729574687026115,0.19503789369939192,308.99965077770855,0.8624034906926454,764.129162037687,2.6903602099566646
128,thru,1173.027122530072,82.875,-7.649371281816134,0.08752546601490534,312.9149567798141,2.950968746596589,837.0633638849523,3.7831780652481544
129,thru,1066.8015142146235,83.03891511584006,5.014728000457606,0.09841495163642101,277.60403888451805,0.42675771416061997,688.3882374778372,1.5959831457364346
130,wall,738.5199640220662,55.875,7.1946291702158565,0.09068441035602265,291.9684842344544,2.6449262627647383,,
131,thru,1601.502853776102,84.62013580391536,9.27975087957285,0.04346387476385369,236.06442029246733,0.8146791084750971,720.8624274324642,0.49386114386187707
132,thru,1119.8613864820713,82.875,-3.8495261631166193,0.07567922081796706,296.46824778124846,0.6320111728817522,749.2930714452885,0.6073077021347448
133,thru,1212.307961997338,83.62499999999999,-3.654860192752078,0.04302015157655381,339.98897475062944,0.37457801366904975,807.8309182866486,1.4752814883075507
134,thru,1162.7754403093165,80.05125651181268,7.234482423190134,0.10258702215886928,293.85497872563053,0.541170858917857,838.1545519632887,2.9724871119963345
135,thru,1233.6828896397467,83.62499999999999,1.952766611070678,0.07484755745579376,322.48821573727093,1.8853854930922134,721.1857616518552,0.059646692300573095
136,thru,959.3709654661087,73.875,4.974791320855375,0.24446060509981396,275.8613527634967,0.9777429034763904,753.3618688142914,3.175894773173691
137,thru,948.1228642154632,76.875,4.908450804763549,0.24339014802611314,242.59906332599357,1.5316439974623643,742.7526657082033,2.6999229804481693
138,thru,1260.2874720374111,83.62499999999999,-9.399365621024145,0.023980214065846227,226.2192252307663,1.3202604301782248,729.4409806708767,1.8704813286099815
139,thru,1111.2982429777735,83.52562073677444,7.780950725381599,0.05497181423808722,276.7466426008841,0.058198489788607734,742.9462863706618,6.7510534884491795
140,thru,1154.7928708034567,83.49510034889751,-6.354189422486623,0.1370795353803896,301.1078069276955,3.468106759985751,811.9244597973999,3.8141229533803944
141,thru,1283.5106775100433,83.62499999999999,-8.58020608105845,0.02384455871259859,300.03619062218985,2.359733575469182,778.9916265153155,2.2900489147877283
142,thru,1600.3350845057134,92.90761839339676,-2.2977591631234984,0.03638126313597049,227.07942939384327,0.4822344437476623,626.3839336114753,2.9701932856021216
143,thru,1601.7462033463523,85.34312832002034,7.564468724666019,0.023293925718681253,284.9798182770269,1.9054765509667542,754.9934945160155,0.18427123611516982
144,thru,1040.8592728194333,83.62499999999999,-1.7823138075322997,0.0739270837539342,258.11121872309064,4.369160196365172,675.2212184913444,3.234442655844388
145,wall,752.953000081668,56.60170911064354,7.862436964160085,0.013988687719996748,300.6942759832072,0.35459206435609225,,
146,thru,1026.7216275987826,83.34272490638138,7.185414993107027,0.07798108713185363,241.3639110640326,0.7470219069020436,689.534516400483,2.8439605667864485
147,thru,1277.6767747315137,83.62499999999999,-1.8813363920583934,0.03860209706551902,380.0753694489055,3.0647562956891194,926.6142171877406,4.169250733043276
148,thru,715.4402474680022,61.875,7.821197911702944,0.11883875303610242,307.12316242322584,3.94011955568831,666.9947598166972,5.96074030288371
149,thru,1145.0432379404824,83.35086951083683,-1.369230326629545,0.06721721107378262,287.5390261406325,3.1246556475481335,726.1958043807439,1.5724895988151544
150,wall,617.6927699607987,46.875,7.820719276414263,0.09391982828609986,271.84791114497204,1.3808803972024903,,
151,thru,905.9485271025031,73.875,-6.836023142024594,0.1255259458518891,278.2121456324249,2.207344002677629,722.925691259973,4.659593734109284
152,thru,1103.9411010384586,82.92028216345531,7.820674238795876,0.03848536355092764,286.9707162667838,0.4371764654222801,743.357948228356,1.125796452920732
153,thru,940.7829218540264,82.875,7.69318072933027,0.08099901840205519,228.9020480527049,0.5112195631725598,601.7568094510488,3.777894910811257
154,wall,513.4943980063282,40.875,-5.498062183087884,0.06239418756936559,289.48043045116725,2.1300571800801626,,
155,thru,1600.2971500976812,88.90687051933163,-3.5654250205798537,0.023935076438544377,373.8396804638695,2.0183822075611535,815.0079376149204,0.7623291291156019
156,thru,1220.842229297511,83.40307107822865,6.420758503387097,0.15736814390355947,331.2777439535422,0.025771844439111947,836.2759291133373,1.002184440159492
157,thru,1255.6846551246226,83.62499999999999,7.8619632606630905,0.03426984607448248,304.4471934113136,0.6129321693883136,742.7136617209017,3.721445866139249
158,thru,1011.1498303023943,73.875,7.934431161146483,0.14271562675485627,284.8323879525321,3.7422135136574157,808.694814449103,3.7134510897274637
159,thru,785.7088542711822,64.875,-6.033791567760039,0.07976442619449865,283.8038404997175,0.0681267148816063,710.1651535240985,4.059733689091093
160,thru,1066.5102908858228,83.17085637265441,-5.963212843530646,0.01796965949024413,226.91275156789547,1.7885953245953445,723.9605662728936,0.8716064721449235
161,thru,1103.2704646805125,82.875,-0.8260018830621361,0.08716718160239274,314.95727503300844,1.9187497218591003,799.1993984617692,1.773446291510416
162,thru,1601.1457946773846,93.65745118598102,-7.156366303088634,0.009205019013494306,219.55903359598628,2.31838042914213,708.1689377437576,0.4686854638528813
163,thru,1000.1875446016182,83.12636371984006,-6.932302081977852,0.15902913674308658,269.62745431210413,2.1383068240803293,673.5761122193979,2.9792618379131377
164,thru,1601.8643161049386,87.46556316787935,-11.584347618850195,0.02294654992050214,275.1029129761105,0.628938781610437,704.4920011900965,3.835334417327083
165,thru,1115.293476685983,82.99518725861955,0.5748751586777551,0.1039575090389707,274.69446226369513,0.46047419807061285,696.4914794739402,0.44183927277726504
166,thru,1135.5033325132881,83.62499999999999,5.632746115516358,0.05375999226230928,259.92256407150444,0.559013614973573,697.9372638360076,1.8999134378378955
167,wall,448.7746329504014,43.875,-3.3935108331633437,0.1038751311297751,217.41475562282554,0.7137344372636021,,
168,wall,624.6543723197937,52.875,4.926497872949944,0.05261299517718827,287.6489059217374,3.2415614531451244,,
169,thru,887.0086962856022,73.875,1.9091801486050846,0.004124018310560297,260.82721378364965,2.431465204695813,710.2972369982065,1.8158815291935664
170,thru,968.8673420599431,80.2052783744858,-5.090949461027985,0.016369874832291353,219.8462860754547,1.7803148753780114,662.6648334789531,2.5170788524123084
171,thru,1003.5237101570884,82.875,2.06872747569194,0.12190719564645783,206.10909499176637,2.6679405557181,640.3157808918804,0.0881964818459143
172,wall,744.1491405265065,58.875,7.576218037030154,0.10124071245652604,252.04690148932843,4.144143179803754,,
173,wall,411.76060354014726,31.875,-1.866952406348816,0.12792675949798066,333.6474033532443,0.9769494841109759,,
174,thru,1106.1510518288999,82.875,-6.966360816180549,0.04616644602025251,272.59280349005985,2.487441077163316,767.6132677173531,1.879591777010812
175,thru,1106.8322427367768,82.8874146344555,7.764644853918915,0.07389270499489,276.16621220902954,0.6048426148483669,758.0914977192398,5.585693821922162
176,thru,1248.697005192067,83.13102189715482,-6.166240576397651,0.06604210655769133,295.3141172177124,2.172711414864066,846.0418363404924,0.6202231731639514
177,thru,995.3917788501635,82.99986060575807,7.537341177485667,0.25230688332751394,234.92453013751455,1.0994741184919472,637.293001509496,0.3809842194974566
178,thru,1170.6535474753703,82.95710992946816,3.849838544614245,0.05637166813090223,308.8819313291104,2.000825471754794,840.5712662390896,0.05218099023464895
179,wall,597.6828810931335,49.9426277735958,-7.661921850782595,0.04241651059649633,290.60230427798047,4.066550120112238,,
180,thru,1316.8819286472153,83.62499999999999,4.873136394088721,0.06573468907533707,301.67092163035085,0.867273926241355,749.2151268650732,1.1446096335464317
181,thru,1008.8162157364128,83.03127565682058,-6.142491517374814,0.10450914173813093,287.0883913616702,0.011714769983569361,744.7139367913696,0.18484743741421716
182,thru,1139.1316595581934,83.48476083883008,-2.180558419975768,0.051861061577063904,302.1451639504822,0.1447704555814788,768.9090698609436,1.9141174626786337
183,thru,1601.7759848457963,91.1803802788593,-9.221843743758344,0.025017410621046766,328.7976330528535,2.7903908488879754,786.4016555009861,3.1748952579310905
184,wall,678.5567540615305,50.62445239678664,-7.8703141316338225,0.03666720219075799,319.9528798960177,4.196155380268904,,
185,thru,1126.0860799078591,82.875,8.039339348620377,0.004534030289756856,347.52208379340306,0.12727355289971137,799.5182340497253,3.9806689803398543
186,thru,1185.4022772858764,83.62499999999999,3.222126780283979,0.037193725141159185,213.52998785900456,2.042663696443444,610.5962622640495,0.4346103270367683
187,thru,1041.5740529351012,83.35957412977346,5.326911915645815,0.07236910994473077,267.5595825875916,2.1240844016423335,644.2890636805645,3.6128028212422927
188,thru,1141.5331713304893,83.36319453013391,-5.3927529131232195,0.09827827800316553,301.95159942790724,1.8187239264061812,763.706368203115,1.0113013328499165
189,thru,1203.3601080037838,83.62499999999999,6.422191903069276,0.10452722814935425,301.88170372454374,4.9351650052757154,784.4547371952896,0.9366409644430046
190,thru,1144.458946958317,83.47180303693283,-4.4701188730615184,0.12195197320610314,340.38583637429656,0.5156388895194661,736.107569598131,2.538017981922468
191,thru,1028.621405345905,82.875,-7.763512244225956,0.16241305780353768,259.23830303853117,2.1333224862712,669.1874159657339,4.280047332334639
192,thru,1271.9483383589686,83.62499999999999,-6.995419662998874,0.05556926130881004,296.93120317934364,1.6361989732584374,748.1496277291402,2.8955469853261957
193,thru,1038.1466146135951,76.875,0.6867309485161351,0.12789735738717936,289.90804790647184,1.7960606463705564,757.7497352015603,1.400095630453857
194,thru,1322.1215401830164,83.62499999999999,3.91547637846165,0.07254945950582972,265.0150204918114,3.2086308708127538,723.9317281847412,2.242579359932035
195,thru,1134.9986470683946,82.95543988649294,4.481957067254734,0.02933460489651884,289.44068949777306,1.7902562998551257,797.3799572078069,2.7185424729181
196,thru,1294.09735591824,83.62499999999999,-4.84181907263452,0.04268342226920089,298.7159136500477,0.7398073398932511,707.2231546857117,3.925450506023303
197,thru,1097.8904095785726,83.1477671017009,4.638348113286945,0.1378180821073009,295.5594980093479,0.24402761011801896,774.2702807173507,4.8169263853843285
198,thru,1600.1295480894782,87.412234538325,1.6500065959775936,0.03620777875899391,294.7547185773637,0.014394911269012031,704.0414106304609,1.1909186487743952
199,thru,1522.759659817533,83.62499999999999,7.215152238254361,0.0858116290940416,256.9265577463827,1.6266764858795613,685.1076030995349,4.122249767746571
200,thru,1141.1374491719434,83.34735532174409,-2.2367076448334973,0.04176318417376603,301.2900270611891,2.4263472345239894,764.271589067902,1.142420591193004
201,thru,1094.8167661108398,82.875,-6.266299205152361,0.19849455402411387,298.2238927318377,2.5621631616538023,745.1839859029074,3.0701546839300287
202,thru,1601.2450359588709,89.04291137595492,-8.036980744888288,0.015025146926158537,252.20376100855543,3.091462114029573,686.8745344658712,3.8247360940316537
203,wall,475.4852495900627,37.875,-7.869042123927727,0.20337608790822317,247.6271711559472,4.500306040705985,,
204,thru,999.3707003080049,71.23814208406084,-0.5250950237346902,0.01807748406365532,297.99404285007023,1.8008937215097018,824.8764714380889,2.0435429028531336
205,thru,1250.2516558685058,83.16114352743394,-7.024276560169461,0.08018048459057764,342.23432634768005,0.5282660110665548,817.3918102444088,0.9076635612606666
206,thru,1111.3086907177192,79.875,7.720704381915662,0.08652089539191418,295.88125962524543,6.743283798960593,802.2947405309401,6.085959834271086
207,thru,1056.2456728094687,73.875,-6.148218617988166,0.03778147332367798,329.9948026233984,3.615553877830257,788.7771880566523,5.322688416384134
208,thru,1163.1437372341006,83.473865868973,-3.7749439344950924,0.04972342917950921,296.67088066054106,2.3216512399978972,773.7164283500608,3.0564158724333095
209,thru,1219.1856819832933,83.62499999999999,8.647036281987301,0.046036620922585446,236.73798647147777,1.9250425219086227,722.9482615741368,1.9490210222669069
210,thru,1123.667322155775,82.875,2.377794098768574,0.07595330199878862,260.909958346368,2.7143493858954435,729.233649503158,0.5914172698528768
211,thru,1120.2170859938753,83.62499999999999,8.186775701189474,0.047571428540209126,201.58634801128915,5.087929894693832,740.4984887248493,4.819395860972937
212,thru,1241.528560529727,83.22792622625981,0.37838176422526193,0.10368440070429849,256.1093687414705,1.7539649336143996,752.6951924981256,0.7691290025585684
213,wall,578.0483683141509,40.875,7.012315760711794,0.16236617120913188,326.31535074492314,4.833930590561462,,
214,wall,677.704503074083,53.26077704383871,7.725497952479602,0.027384255366250228,268.4523097934547,4.499350831443716,,
215,thru,1099.1820972645326,82.875,7.2840667631343665,0.17572635688701213,290.9661617485133,2.340321879552365,683.7241890343782,2.623090512001096
216,wall,698.90688632437,58.875,5.512396877269207,0.07614022168275054,228.01958130431066,0.3004068269591435,,
217,thru,1062.9617009862006,83.33368697846272,6.495640474653164,0.12548351499841082,255.07519460205629,3.683338555718275,693.4573736505571,1.9628375616364362
218,thru,848.2663498210457,65.19819439327843,7.776816037261436,0.02487925721217265,287.37660844766333,0.10265695509882232,718.0995828151849,7.459314587949498
219,wall,584.9214945845486,43.875,8.239933542458425,0.05926574390392131,363.92836209616735,4.800097451086202,,
220,thru,1047.9445926180192,82.93187063365603,3.7222152588803894,0.12150820455398186,275.5439460203031,2.037160111349708,743.4361318661757,3.5518566564612843
221,thru,1149.3456303693752,82.875,-7.11673437889683,0.030155859949005024,307.81230549120517,0.7563716190066243,784.6977530710429,2.7531711842833095
222,thru,1130.5268462543945,83.4659742810016,-0.9073260858750565,0.08110796530958406,291.45129281036003,0.18123373339932475,772.0927850249506,1.3432282853299966
223,thru,1600.7960021215729,87.43421855208081,7.9972881179140165,0.04374509604479376,285.5342716614379,1.1476273844732017,719.8680854751002,2.8454060639847762
224,thru,1053.8369128278603,79.875,8.15598969522511,0.07478908864783779,265.9635006836946,1.1126784861509644,745.0385918409607,1.3293050888662217
225,thru,1171.2238489102367,83.62499999999999,-5.758781611576104,0.08309647289648818,318.36602430799144,1.3518679721102693,690.0727336959632,0.7426174332702787
226,wall,332.6843106345397,28.875,3.183611527600174,0.11329343289162805,285.1504994605914,2.5469893386499827,,
227,wall,522.1421437366942,46.875,-8.03251111929206,0.17772131118343576,247.32951872872036,2.157945742855838,,
228,thru,1601.1785057023817,97.3203232677348,-7.582253542689847,0.021966206608454213,334.27618722973364,1.66962622018481,733.4197728476811,2.294555668639145
229,wall,708.8160072801747,58.94062300168581,4.90050665246766,0.05133003675439231,256.55128187891574,3.9159461084947234,,
230,thru,1117.8371908251006,82.875,-7.8467092419922455,0.17507853500699294,258.35086060062173,2.6759874274670223,740.0916012973584,3.7920361980817208
231,thru,1418.7189588160534,83.42953322350995,-7.108098328887282,0.13274828662725952,291.295947245175,1.739769027730411,738.9650618422547,2.741940126542532
232,thru,1263.9724085781622,82.98341148970202,-1.3210641139164583,0.03927922953040081,278.78667307178534,0.573705131864851,826.5168679673759,1.6762560630803016
233,thru,1024.8385116980076,79.875,-5.695398939441469,0.02331264130303373,274.73074913581934,2.132966121681207,723.6902272976498,0.35652850064462405
234,thru,1037.0844572428248,83.53321862950676,7.335340060707834,0.06420879574954724,268.73801619417407,0.9441491871524852,700.1901906865999,1.9120198313920775
235,thru,1207.9904816742417,83.5487515216697,7.874781341802362,0.030162071463053552,287.72311600540445,1.0123007669014787,750.2194847622311,3.5597715238079104
236,thru,1170.886111952104,83.62499999999999,-5.570064351249548,0.07947352617949802,219.55144910636014,1.9562248087134892,674.1851454622741,2.7106411208962045
237,thru,1329.2597598634625,83.62499999999999,7.207753058040095,0.09809299173223754,286.02766529120487,0.5134888789137805,743.906340303003,2.7464953529559843
238,wall,457.49685325468477,40.875,-7.444162862651347,0.03164287507040034,272.2101406751497,5.547772408787869,,
239,thru,1132.8254889444245,83.62499999999999,-6.780497796753385,0.09860572364746098,317.3197165745597,0.36987314991918985,777.7840769583978,1.9936716105638013
240,thru,780.5086842732283,65.13244395275983,7.404192739996601,0.16690559397087174,332.7516291028567,4.07395807461197,699.0045022739858,5.851101040249316
241,thru,1600.4989351278216,93.48577048585136,-0.47981974115409737,0.17508029452102278,286.08186053026753,0.06744847289858122,724.2250629212103,0.3700547225863957
242,wall,498.9783087139165,44.10246704924638,4.157121248921352,0.09094380199365036,246.58155853999992,4.594344520176622,,
243,thru,1600.6168931882517,87.85326981910778,5.717564726755164,0.025493420859910416,248.74448188727038,1.6393129506253585,717.758136538947,1.7077475371500122
244,thru,1169.8699344698184,83.26504355453805,-6.059172419455563,0.07420516820264951,255.87587643293523,3.495796185175494,775.8696733356097,5.230355576803026
245,thru,1224.4147182412,83.62499999999999,1.9378745991124928,0.048089541368490585,341.7569495467543,0.9165249757329826,786.4830327013011,0.46465076557913115
246,wall,593.249002476175,49.875,3.0843564150749883,0.08312549189922468,262.81358002105696,0.16190698724973218,,
247,thru,1073.004674459511,82.875,-6.258142256518802,0.11390190886002612,270.8389579367735,0.5392049058646435,715.0329418820519,3.1950448498012127
248,wall,445.43888422512646,38.41303429248375,-7.80778518945092,0.03659323585384988,271.49495923925105,3.7560465623005714,,
249,thru,881.1811704479672,73.875,6.476823325672754,0.10062683938249173,262.53413806165634,2.3168838206783597,715.0164445530286,5.1754461826292095
250,thru,1601.5599499014506,89.29770577974321,5.347702709257615,0.08086289771722463,247.02104129478613,2.0949450790991233,751.1212997750551,3.029095169927009
251,wall,614.1417710797125,50.35736766934865,-5.021583309176032,0.057549442427021896,270.90514450692325,2.5214715785270347,,
252,thru,1083.221391209282,83.14191594970941,-7.192479387906855,0.04498502264336954,297.47907743440385,1.0207316983308963,712.9533179549672,1.5857910375377986
253,wall,488.8510656204079,38.29669905617501,7.749698214243982,0.09078869118905777,331.3188442715611,5.895823530835391,,
254,thru,1116.7685447843303,83.62499999999999,3.9077850168611765,0.06740428467116956,247.8079529720306,0.4634741864339966,678.257991495874,2.5518237596478293
255,thru,1130.4642662001465,82.875,-7.925115885288247,0.024620288634295755,280.9187566333219,1.1505870159748888,745.0655821819622,3.011163848085739
256,thru,996.316495391128,80.29184644080648,-0.0255831483082339,0.1342988483317043,256.796417609188,1.502402656004417,720.4722765913192,1.230593066252443
257,wall,451.21314958549425,37.875,-3.6549994381498943,0.1138942818264319,304.19196968859785,0.30943437187104517,,
258,thru,1119.4767676500383,83.47197285824363,-7.641222894370402,0.033886625759152335,250.18148579331233,0.69454541052318,707.0457415670767,0.025317910381893453
259,thru,1171.7441001524276,83.62499999999999,-5.622221766161671,0.06314840486650355,245.74059289235498,2.752142014507669,728.9645709593472,1.4799203818212636
260,thru,1099.5173704146118,83.62499999999999,-0.04216004586698971,0.07359253551368304,231.89512028290682,1.24674508760771,677.6343605654782,1.2531006414158932
261,thru,1022.1930185104361,76.875,8.187615604155985,0.03770763611629774,255.57052597063577,0.01149235234330568,696.82900230399,5.612709236563232
262,thru,1601.4090325474904,89.79188225465703,-11.550121446952256,0.0165801008591678,294.9990311824852,1.8329772663296728,756.4168448264464,0.4325829616956969
263,thru,1058.147786377372,82.875,-1.7528221764581349,0.07971236772489042,253.85403265245785,0.6734752412677687,720.2405926136944,0.5488202950528388
264,thru,1520.5979477475428,83.62499999999999,-1.09186624933238,0.15382334327947392,288.3760736687124,1.4372830167583557,769.9115922410258,2.358408019483072
265,thru,1457.4271591886425,83.62499999999999,-10.698964923040155,0.05003080515455295,258.1670270487559,0.234635132749703,637.987460668975,0.3041650883461926
266,thru,1198.2471631624014,83.19185900627383,5.465759794927708,0.050731875002454734,273.5462955381035,1.9052616013926453,834.5206108451376,3.6353170292318158
267,thru,1025.72136764574,79.875,4.125347429254163,0.038634877472383,249.60838955346318,1.8233792537738702,700.069248683298,1.2078706333234215
268,thru,915.1993159631369,76.875,7.709177551015567,0.15299886807740898,267.7375652399518,1.5174850051938424,661.3923954528234,6.510201044122598
269,thru,1139.163740464037,82.875,-8.128523678843314,0.11337785722993314,275.88160132302846,2.1394828859336235,739.0315285142652,2.974487836404468
270,thru,1028.329878384025,83.44661823059623,-6.701830909142189,0.10907314741672793,256.4430255966365,4.15734406616052,665.0648877689565,4.810330745191851
271,thru,1601.9409113788838,86.4273572711326,2.820538108927423,0.014818047967094279,289.0873956206534,1.764840227200576,763.8597602850634,3.9846913714945913
272,thru,871.0048962897081,76.875,-6.227415854239378,0.06920864969822231,213.93964249406906,1.570580357105609,625.5005856346579,4.546311965105997
273,thru,1501.3346832716923,83.26802339006582,6.978257258862251,0.07121829723603335,276.0752988963621,2.0663097490678837,737.6403770845353,1.812742812481686
274,thru,1206.505358037137,83.62499999999999,7.8818421025103635,0.022066644080114918,306.095312042285,1.6726681082142865,731.8972836092853,3.5200354632487483
275,thru,1117.3015494899523,83.47489851450808,-5.565976256085314,0.18422316802424452,269.32307399806103,0.9473705959204132,743.232007987321,0.3085282105364802
276,thru,1005.1281564023386,82.875,4.119751675018437,0.10812082208392093,275.9263491018508,2.7313710558106035,697.7576859599119,2.0500848075716642
277,wall,758.9266303807972,58.875,-2.5044087520919853,0.04803425987728383,277.99210437280885,1.068012508466017,,
278,thru,1392.9894638753854,83.62499999999999,0.3036440368948922,0.05841799353184522,301.5097378138974,3.9104793638436743,792.8940894243216,3.919490754173744
279,thru,1086.3128343194098,79.875,2.1144054171077924,0.02609759675175382,274.16862179097257,0.01318468708772475,795.219585766698,1.3256327392347353
280,thru,988.3655182865999,73.875,5.288788016916491,0.21848185890399047,234.98707133420677,4.066005947778671,720.2047968721732,4.188232269366757
281,thru,1045.0766599910885,83.1774922987413,-5.643991036307626,0.03300062204819907,276.0322622592723,0.08989421014595711,733.1495695499839,3.5860616585632434
282,thru,929.4966529057507,80.50428374179548,-7.483623174368957,0.01752913993267951,254.86414536810784,3.568839530530663,661.8327112415493,5.131896875664142
283,thru,1600.6584954835744,88.72450829373417,7.576832884739789,0.036488532509671046,321.5612534446384,3.009724775130941,721.8480566985602,0.3941863307498367
284,thru,831.1771468995628,64.875,7.886471417073704,0.038584313225049745,321.50271216995657,3.34747414105491,718.7054641089513,6.972953742039942
285,thru,1270.1806183761882,83.46013223613605,7.45980270239699,0.11570977120202046,296.1920361820578,4.162852029365107,839.1486076135917,0.3542911556944089
286,thru,1115.1619897473906,83.55017865399375,-7.093897025568055,0.059351544077705175,209.8803285575637,1.2770633333798758,742.880274050059,4.359811749260375
287,thru,1274.725400125509,83.50284127016097,-5.9142813383475765,0.1564876942992827,284.75882879057326,0.5915295617018437,847.851838215963,2.2878281276791643
288,thru,1245.6300793344958,82.99991289117919,0.9674946966127606,0.1033620691679855,344.01699902015963,2.171716879970041,774.8710824350857,1.561196102693814
289,wall,621.1706108436928,46.99758230717311,-6.3091631511109245,0.05616394185330415,299.6597860282742,0.42270054056031114,,
290,thru,1600.1509172412552,89.21180216756885,2.945210649341049,0.05409167000789708,247.35346645372996,1.8351152195244798,709.7977015229656,1.1254311101349481
291,thru,1601.6026857415816,87.87374750616252,-9.857673381212324,0.0048489725158364924,302.6572400133493,0.9673306831136497,768.4919628038792,0.6528283766864077
292,thru,1120.9307419106674,83.38178986620048,-6.073921993115444,0.04468243984856123,241.4442147179884,0.38047472270900806,703.0714113766854,3.1568762363375953
293,thru,965.1022080644925,79.875,4.049960974594968,0.10581100177539648,231.8384847012326,0.7809398437081475,693.9865740005617,1.2537919075359067
294,thru,1109.4288697179873,83.02284650993289,7.345689161387376,0.04754070917027748,270.5446427247248,0.8792901609628143,714.1464186347358,0.7830220980130311
295,thru,1162.0793534409477,83.23486374821145,3.13774340856885,0.0474503364511058,259.7092915557083,1.817411382812985,794.1861824979014,0.4288760193803054
296,wall,340.7965879451891,31.875,6.775254209916576,0.0895599235829964,252.67040629271952,3.762502158001353,,
297,thru,1099.9411166140496,82.875,-7.4034422705901255,0.0931698422677077,243.99586833088213,2.2974475982258236,726.3326152047483,3.1592106324237634
298,thru,1448.0094784170346,83.62499999999999,6.211764792069718,0.07728013430198215,253.13218282012653,1.2111437565598921,759.1884336562821,0.10700374075267595
299,thru,1600.1437481624191,85.7446656025057,13.038539237076177,0.025608691597311266,314.93286619620926,4.288101573781983,719.6793198667516,6.754264091433548
300,thru,1104.731007960881,82.875,3.7151630664697533,0.08266331182100978,379.4423139993398,3.6049759611783188,810.1297665570539,1.940230296204645
301,wall,391.5098616435242,31.875,-8.352165922039958,0.08401585595677334,297.14542385940626,4.409806479168508,,
302,wall,602.065144078223,46.875,5.884308982250552,0.06413080012653376,286.03359140761023,1.235567799146116,,
303,thru,1278.3550315223713,83.62499999999999,-4.550943492096455,0.04824701759170415,273.3841330500384,1.5678511652701073,802.6722025359693,0.2633707321209935
304,wall,570.9416912227158,46.875,7.822988752906184,0.0422331522039342,282.84864506737205,6.595858059620754,,
305,thru,1309.6071086965796,83.62499999999999,-6.483054143925719,0.011127554041825099,290.0633858022464,1.2232105792981467,727.6428830311828,2.573057429904495
306,thru,1601.1527813404143,85.44642356851817,7.437022918636774,0.00818468477814884,314.134395420388,0.04713799987771855,739.5684965497575,0.09330968900007929
307,thru,1031.6663379788374,83.55997765793745,-4.964707592995466,0.08292987364577929,259.5635682329189,1.7154381364036262,655.2885106565486,2.5164847959614227
308,thru,1051.5030862056308,83.17669927598635,-7.366584010087391,0.12504262677791708,227.63035654605372,0.2516741198662597,723.0267389330601,1.7396644106765489
309,thru,1049.1761278025274,82.89916122289645,7.405645629137754,0.05963416520242214,279.113659490252,3.3414818661201124,684.6868643488186,3.3824020698349653
310,thru,983.1769153769815,73.875,-7.942401221201056,0.014137059430750573,227.997599631844,1.5472274088791578,735.1715488256162,3.197756338220305
311,thru,1141.1117159172438,83.62499999999999,-7.146626997176359,0.03745237244521002,286.33739202152105,3.561772731033662,661.927500761428,3.433483481822093
312,thru,1084.5933434912884,83.21365309820789,2.8634179690281383,0.059592424987348694,244.92730913983883,0.6173492932644158,724.8058993900851,3.412392112282535
313,thru,988.7622972404066,76.94610229362318,3.4338010770615104,0.0520285356916465,265.3462930334657,0.39131579591521193,752.924260403456,1.1015779960203047
314,thru,904.9126072485795,70.875,7.631478662715801,0.03452942285518006,290.95579303058616,3.1209657696752746,741.9117438210862,5.52574937417109
315,thru,1158.508204321142,83.62499999999999,8.362549188584945,0.033921189777582926,319.25502464960425,1.6626296514396495,750.2289607960903,1.29025797346611
316,thru,762.7593187179283,62.00181927157771,0.41700534426760055,0.07121312772238562,315.36221278235035,3.57392240720367,720.9233996991491,0.4644048033558795
317,thru,1360.7340243469591,83.62499999999999,-7.1131168999137335,0.048792656719229166,243.39414146620956,0.9856723988320886,713.5021547378552,3.169236964067345
318,thru,915.7661053022151,67.875,7.888343747050204,0.1510268142133111,275.72921605758194,2.6924091930588956,750.9242141884948,3.6421927365233424
319,thru,1600.6430410374137,85.04005881290155,10.427850521999712,0.012353821305060221,313.9839298049684,0.07310584575479578,809.6659031046739,2.7474296175791815
320,thru,937.7471873848731,73.875,7.728891984884494,0.10777503881156682,266.21516415618186,3.0335620667520358,731.3798341243978,4.0006771499999925
321,wall,518.8164997974553,41.07002857318522,-4.6435349784539355,0.047374473434822005,297.44315138180036,3.2328220151706675,,
322,thru,1213.619553414362,83.21542946094382,-5.143054200313693,0.1562473642846637,265.1032717844871,2.118206985247805,765.9511446895926,2.0757596285043713
323,wall,488.6947471542186,37.875,-6.208066286406799,0.1623121912175418,319.1486067297435,4.501234221156461,,
324,thru,857.7822933484325,67.95307789481713,6.523937368285325,0.1829684774369847,259.6027841588615,0.2582735180684531,742.7384857223469,4.79959224654083
325,thru,1146.888973453212,83.62499999999999,6.441610248488096,0.08715895331721003,248.9813310835961,2.951103708654383,707.3889806521053,0.37317642363991316
326,thru,1134.7405948634123,83.62499999999999,-7.365501619378993,0.0695466063573874,321.19140456918035,0.8744504073542726,784.7615925561538,6.871637726404451
327,thru,1172.0361929610215,83.2822540430682,-7.704841908299335,0.044780914025220206,271.1679711026819,2.278961681188831,705.8995862638915,2.434477754646366
328,thru,1239.6126866256948,83.62499999999999,-3.322795352740107,0.026788578895231844,298.0316753678737,0.6272203373406274,732.0332218393406,0.6154780001980851
329,thru,1109.5790691431391,79.875,-3.167085153261432,0.07018720288419264,248.04707372034005,2.0861289290163616,760.4232578170516,2.0622148521034878
330,thru,1600.0774086903555,87.90497676106311,-7.642966232599075,0.045190617587608194,253.37012248308653,1.0496929538247821,700.3295366751337,1.8186026462443683
331,thru,925.4976836546035,70.875,-7.176951590080188,0.13348242348888165,314.3896589032171,0.02397879620973992,773.6718885242769,5.045118572717805
332,wall,647.5119647666606,52.875,7.984629119994994,0.16678706480629785,278.94852342762863,2.511244171844594,,
333,thru,1191.4859117695823,83.43454969704578,1.6697221832916846,0.021366125158652362,346.7061838093284,1.4537768404408258,819.3568722455458,3.092025875553571
334,thru,1030.7516078938468,82.875,-7.47055473053555,0.024921104265431128,277.4161898799072,1.5576682746577535,680.2666896832725,4.464446888500781
335,thru,970.0763602528582,76.875,-1.2899523473893946,0.06314016404446801,218.44133867744895,1.5532841935558706,703.3974496345575,0.44799388911515076
336,thru,1172.5211942225021,83.164872863118,-7.44670471623699,0.04090499923308061,326.12270672950274,0.03378836496442928,803.2678677717523,2.8697017241280784
337,wall,542.5210035704786,38.321714271584426,0.9315892307169665,0.050337020104405356,359.59060776153626,0.7016548123198608,,
338,thru,1600.2279934458713,86.81916681024818,4.674589900358395,0.030302912273379244,265.81888229691316,0.33935759226768913,682.9184350534533,2.7152251126944265
339,thru,1601.3340280873972,92.00563592861329,-9.415364281472534,0.01950917392879014,264.130237115582,1.1077502531537253,721.1957699401889,3.9067701265024244
340,thru,1180.7453514466258,83.62499999999999,-5.771050363682844,0.09450157714103874,330.99422193901046,0.06192578691061566,749.6336998426943,3.75251277031642
341,thru,1163.723659823679,83.62499999999999,7.2561165541362325,0.06190837625290211,254.7614277590655,4.3115672920292045,721.3565795501557,4.1753819765948075
342,thru,1129.8100966115915,83.62499999999999,7.11786032800828,0.02117686375832314,269.1605160414174,1.0507602364127553,729.1978202160548,4.461147601632776
343,thru,1601.2559887822936,94.68603449989975,-8.880819884251434,0.06604005026281567,220.99441683694425,0.9601675977443029,685.3930165643889,1.6584082538664275
344,thru,1199.9212070700585,83.62499999999999,-2.9992480749673796,0.06878095805088677,264.90988881101396,1.1168579351253656,783.5085416461687,2.4178628015042047
345,thru,1302.3510358736576,83.62499999999999,-3.9651771582152424,0.06918800130531938,277.92772541587163,2.4079172512740215,723.9719180356686,4.56647002310734
346,thru,1170.630795316891,83.62499999999999,9.272782141565505,0.016576807135385292,274.93739998298537,1.989911098175225,717.8270955799057,5.124697880015827
347,thru,1320.9746630270122,83.62499999999999,-5.574040805876158,0.10493926590779606,301.7906847544701,0.6911848240419951,729.4566767970932,0.06106869129821267
348,wall,645.3403747295177,56.54223980042457,-1.7901320148806221,0.08489761879796603,304.33118450447733,3.3337893542615236,,
349,thru,970.9563378416317,77.1968876122566,-7.833400275531762,0.03430378059257499,269.6905812855487,4.524206625573312,682.479871324138,5.093730857165016
350,thru,806.2771304031245,64.875,-0.48270507241666416,0.050835969949684305,225.84127924290135,2.23360516466184,737.014655374263,1.4467944629422562
351,thru,1036.2580784287582,82.875,5.491838910816477,0.16869520995571177,270.71159966156245,0.35412214159208744,717.0734636611197,3.6973091387166264
352,thru,1600.6264913509017,84.96563423812464,4.22862402097597,0.0208071743419143,235.69260558457418,2.0031818160191026,750.0784008436232,2.9423060984120295
353,wall,625.763631563793,43.875,-7.193627274794245,0.04499006812319099,366.1538613719892,2.360121713108562,,
354,wall,793.2587420533929,55.875,6.9982730851354376,0.06516501789134978,317.64596076722444,2.0036811148176277,,
355,thru,1601.0818220366718,89.066521385587,-1.9971548356721713,0.11526885769360176,227.70555630188534,0.11407754585013513,731.8720166921581,1.0200760877563455
356,thru,1601.0939230756626,85.11516654165612,-0.3221685351395919,0.025242605556733192,307.0806752433826,0.22694533442481327,784.5269163533875,3.5035865481374944
357,thru,1130.7844821869442,83.21899822246603,-7.583422804473817,0.2481734497138753,295.2591091005374,5.1441997803015616,716.8871272229903,6.246178271537663
358,wall,455.37302681039245,37.9481412524825,0.9313580697349961,0.0704413416549809,289.00950965102504,0.18161568225646904,,
359,wall,511.0111183095311,38.276466451142824,1.124430631378618,0.030585992613723554,318.76742917664257,1.0630589702017013,,
360,thru,1216.9094513483947,83.20898893644384,-0.4982279282130541,0.17133688169420022,268.2746522996294,1.142572290489303,742.3320840083329,0.27835667182966667
361,thru,1091.8075111726387,83.62499999999999,7.7745509422590935,0.06860189425062649,231.60167015613203,0.6594139895472483,684.8619017434248,2.1356751280560298
362,thru,695.1521953006594,59.61257547454466,-1.0294851959842692,0.06611613351872786,277.72390228290595,1.6377477639020648,688.556401880927,0.465015823787192
363,wall,355.59826296675254,34.875,-4.753547167059603,0.038744875948124174,250.45798674337078,2.627348164881721,,
364,thru,1439.9309970702407,83.62499999999999,-4.035377337257708,0.21372997784286998,252.78392797676216,2.367639888217004,697.8706535346093,3.7303338201345646
365,thru,1080.911869848384,83.1415086205833,0.9455556575006017,0.08745799589150244,249.07571241893433,0.2464435986625282,713.4280595956445,0.17313809305135464
366,wall,734.0268198398771,58.875,8.1787632301618,0.14293765467787287,286.2777207457458,4.412258442757556,,
367,thru,1087.8882095978859,82.875,3.7548813322880847,0.05777042877031188,283.8070346255797,0.7268165154191462,683.230554357567,5.405144519346954
368,thru,1141.7931546803563,83.29531545099844,5.699080400950601,0.10015583961667013,262.8763157969565,1.0542528237112816,744.824192492075,1.4406420335186336
369,thru,990.4478972225943,76.875,-4.907267653161214,0.061519472125415114,302.59953143810156,2.80442340813102,725.3325181665653,0.7626336320316839
370,wall,630.5826635470147,50.18481040693677,-2.1039929987632364,0.026959979448370842,283.1706730834823,2.829859168250879,,
371,thru,1601.844278832548,85.99477295661035,-8.636139869891137,0.036721577893247745,314.4874795541137,1.418115072127495,732.4394160761519,0.103759720013722
372,thru,1255.9259845521938,82.875,1.2424251398666168,0.04517982557547328,297.3644002624569,0.9763559718873339,788.7086746789699,4.03863770917101
373,thru,848.8572613376468,62.27792448869562,-7.720420084307831,0.003294801477616358,253.79583055062153,2.255090838203299,785.0879865061627,4.71182011550535
374,wall,533.3862723053186,49.875,8.131868955082206,0.023274142069227344,254.71757217160498,4.144880522524625,,
375,thru,1091.8341705773785,82.875,8.047707645153148,0.05672643303113727,281.31833668959064,0.7805685957722261,716.1683593162866,4.4022701407503675
376,thru,1095.42526845353,83.29415868254877,-2.68310050537143,0.26705342084607625,276.9635698453315,3.0539405948104354,767.639992015527,5.784712909189569
377,thru,1447.371311558544,83.62499999999999,7.784724440428947,0.01780253572450806,237.86238635144062,0.8186019025956347,745.0550527596839,0.03813897709532414
378,thru,808.1564029908438,65.36032124088223,-6.6526718781668785,0.0663848634489501,263.14107485861376,0.9525465663788977,724.7328540722775,6.285253492868869
379,thru,1322.8776755496926,83.62499999999999,-9.03425974091403,0.028518045874232165,298.03844915339835,0.8519349950678683,738.5005423289787,0.7080655829186528
380,thru,1066.2732989398744,83.12643323169837,-1.9528263248255215,0.02962383567836445,310.78425795856595,3.2838490628982804,719.3147595114185,0.025990917205625318
381,thru,1377.819648085073,83.62499999999999,-1.382682447209475,0.01939948699655841,237.4897373065584,0.10805498059753472,703.9030649111995,0.616203565478307
382,wall,314.63915217013636,29.102766214445545,7.807183505718931,0.053248370466545056,267.02689670910416,5.302802832081324,,
383,wall,703.633342010872,46.875,7.424716891950589,0.05928282519184086,392.17471832453106,4.151602593383051,,
384,thru,1109.2418646501358,82.8806253601791,-6.341906241874407,0.08375613455962312,314.37945151383366,0.16024364159646426,744.1656502677424,0.9123927723491736
385,wall,407.7095618505205,37.875,-3.7981124058659517,0.17575679967750493,277.1752776488869,3.5427409926491,,
386,thru,1063.4295079483052,83.1076164537591,7.6298540351375,0.14248399401319756,296.71990213857555,1.9452970891091543,697.3561115978393,1.9989215756498135
387,thru,1008.5022594419896,70.875,-5.855739865560937,0.03195664688604346,358.1589939081864,1.1377345532768186,827.2361579223071,3.5958824130213976
388,thru,1332.4187827015546,83.62499999999999,-5.721832520302501,0.023584190484825854,330.74904684464457,0.4022875208436771,817.0587662087914,0.8015391401193567
389,thru,1186.8705770277352,83.49651505773086,-6.696548458006801,0.15221086758164684,276.71378254970745,0.09518455275099369,795.7092280359674,2.8505135513465123
390,thru,1140.5744185427416,79.875,-2.758595363692991,0.041311351671569206,318.3085440901949,0.9914540928801409,798.9886735484289,0.8629245103368501
391,thru,1168.1777299670623,83.62499999999999,-4.408439982149676,0.1048759627564751,268.3635387100726,1.1566812136924214,710.76511634659,2.291583743970486
392,thru,1031.4476231832552,82.97705662171576,1.621580974545857,0.07246368230705624,265.6881584335418,1.852265892073999,687.0961945928129,2.913195127474051
393,wall,368.5578018512626,32.33992432241983,6.698138074743274,0.09015214930359697,291.1946637530168,3.9116997546356926,,
394,thru,831.5403577362969,65.37630549301414,7.0135399565682475,0.15430948446707032,254.13249920137696,2.599688511851284,745.7335257623162,5.3400132729547085
395,thru,1039.4639656057848,76.88841385087021,-7.558993474998456,0.07590832535051029,298.28952816826137,2.689107259327763,753.3442460408478,3.542230225353179
396,thru,1600.0744397311687,85.1446696419667,-5.777735507786742,0.07249681096148528,310.4311858514751,0.2057693211303314,697.9637446856336,0.9229188823325204
397,thru,1383.8726633878978,83.62499999999999,3.412878179652173,0.04002711590170393,310.6764486405753,0.9728949989113042,838.4300230786209,3.222863093956525
398,thru,1373.436427587093,83.62499999999999,5.181113232777708,0.04602221201318109,278.17640059506186,0.13744885122322867,798.6786864231165,2.963181663347777
399,thru,1158.6362099239382,83.42213167860525,5.864760957955992,0.08742688112824284,273.4171890550716,1.3791536354012752,725.139170378357,2.765145798549353
400,thru,1155.6031564789566,83.62499999999999,-1.9466472233437242,0.08994798462469483,276.2912753454959,0.9644643073956041,700.3376293507574,0.6922785451168216
401,thru,1510.3601172729382,83.62499999999999,-3.6049385233050026,0.021269513375582288,315.24755902962687,1.5539000563781593,766.2311880140973,0.3344375839087666
402,wall,351.9496770945714,29.332786382202762,0.18602399111999282,0.02608956083388582,308.79052648545735,0.358550264468501,,
403,thru,1260.3753189147137,83.62499999999999,-0.4646279583706536,0.01925020454213045,314.23195354556924,1.0034627279807165,766.7818203080889,1.3070137957855754
404,thru,1600.1516737405307,87.59662370576422,16.76891432940657,0.08527660450760445,274.60028097488544,1.7146755420644542,727.6648502594767,4.397915876442863
405,thru,958.9065627638233,70.875,7.714860877211088,0.14714499223431213,363.7938009449759,2.215379547191426,801.2886825892956,4.81444574940941
406,thru,1164.6692632242969,83.44449641788721,7.745861519759405,0.20974670737435447,229.1819666107572,1.0067065694523987,741.9471436550507,6.2376215304926905
407,thru,1386.9121067507067,83.62499999999999,1.8495918208330835,0.14687656219834377,284.35718382230624,1.715160428096862,743.5910414990099,0.21234822654614838
408,thru,1171.04776622059,83.62499999999999,2.5605993403931446,0.22568492221297445,270.7990534465484,3.1143362803608197,738.0747983822585,2.7052316890743446
409,wall,455.8827595951453,40.89289543437166,0.23928422403886995,0.08325338523908289,283.2606773697899,1.7758795807138656,,
410,thru,1097.6401305494987,83.10920936214029,7.408800276297715,0.09761329821323275,263.7794945272658,2.4887755883242217,734.0287495136965,1.1427655880420315
411,thru,1163.2216731369967,82.875,4.274176043724551,0.034734217172325915,301.6669364334844,2.114916315760345,742.4976001747414,1.7063671497379391
412,thru,1174.6722847462588,83.62499999999999,2.460242172962671,0.06426122634933282,293.1081595208844,0.5129224457607693,793.3960515107125,0.6363179160121721
413,thru,1051.9206823864306,82.875,8.465123514705015,0.03271042694870415,274.2779754578749,6.374352893826669,733.2548555021921,3.5599018183544167
414,thru,1601.4488440912296,89.25996874626539,0.3113617178989966,0.017277286582482825,287.3026767169467,1.1619942703084007,727.9299991988075,0.010984320110756451
415,thru,1133.6622245528981,83.62499999999999,-4.627297185265411,0.05811668861030819,240.22096084327322,0.36964068484007295,695.940269308597,1.0698399625177808
416,thru,1135.143683843531,83.58352285873436,-6.174319128348715,0.07878678994566392,284.0318819512808,1.4563155013430091,770.8082711343187,0.5774095423500598
417,thru,1168.262414257159,82.875,-4.124659192297967,0.07264899657696473,294.2022607485667,2.7363131582392306,720.281652578142,2.7383987479930987
418,thru,1070.5705995394505,82.875,-5.971426557522473,0.10468413261056068,274.12249488538015,0.00972020736392017,741.1830761315567,5.298675030470788
419,thru,915.3944221357771,76.95007954492314,5.758269315628982,0.07058548985295073,266.9719926572996,1.998425749266077,718.0236102200092,4.077254755848801
420,thru,806.3544492452469,67.875,2.862110612082765,0.04461272445303455,245.80533192734958,0.6734074687966662,696.8410484751735,1.8444043472670415
421,thru,840.9762148000319,70.875,3.1205907705715736,0.03745370276200443,257.0790968730288,0.1664741648178064,669.6596430097819,1.6546644616016941
422,thru,1494.357605318659,83.62499999999999,1.4204623495265214,0.03457144172526756,287.49444131214057,5.544096145476063,742.5699911393787,3.4606191676016724
423,thru,835.9507461637256,67.875,-7.201281663923064,0.08466408983880236,313.86899727463003,1.7189299673410894,724.1493741386594,3.993223781700084
424,thru,1513.6707515074377,83.62499999999999,7.7857191537815424,0.1314100409959582,276.00416863964557,0.33121688151718903,718.1250736193409,3.4059172827801496
425,thru,1126.9148224899202,82.875,-6.5154079259298046,0.08931077677251956,227.21419036775546,0.4657234107672468,686.3032943659455,1.1676729429344255
426,thru,1160.9275885789934,83.22409771842884,1.511532856851953,0.12641075483475686,327.11317565557533,0.4323945635951629,765.8282898233892,3.6544672332283765
427,thru,1208.0714428516878,83.40840130895616,-7.563833124199999,0.11144201754567999,329.6322583280388,4.17606890878535,792.7059995628535,3.747368775670932
428,thru,1077.3029296087595,79.95591760695486,-7.862333306105777,0.14356516222703858,283.6945029126991,3.8200381984463627,798.8896087243319,4.870695737336677
429,wall,552.2994038598065,47.027552733775,1.9332864687617302,0.12573074917687846,270.41447565681756,1.911121243228845,,
430,thru,1071.4907243520213,82.87672045353975,4.063330593202872,0.14122246013723705,245.7867218470187,1.5535134294131423,651.4273776238231,2.3120732630036085
431,thru,978.2862488429015,82.875,7.070865449922799,0.16499741123790604,307.74360673784247,0.7095701881298557,686.7715120856111,1.0165592407285833
432,thru,1050.0397193425417,74.02184950011517,-4.59386480351231,0.07096234406871568,375.8125843454278,2.2540049539644054,827.6471170332769,3.7864769751992005
433,thru,1362.3808182251619,83.62499999999999,-7.526495677205386,0.0426094444092054,241.54973432431913,3.2555729381369973,733.0581267008691,4.997757608184444
434,thru,1600.3925634095287,87.80486221013705,-4.712850834947204,0.03768066573207369,274.53813165606533,0.38503260065560296,746.736975597823,1.9118774994358976
435,thru,1077.5443517205422,83.38496518531032,5.54247932794623,0.06089947631986761,260.19707230243813,2.076447457728849,710.8452349060307,2.658956526322066
436,wall,649.1370286251253,47.25506520860208,-3.088746094250983,0.07634870176430181,277.4065981837754,0.23385960896191244,,
437,wall,458.8218920392533,34.9301535386683,-3.972864383124858,0.1345095537997806,304.55095024156634,3.914993204443941,,
438,thru,945.7977387374979,83.30959513629831,6.574213625698216,0.03104175735634235,258.21050436243155,1.7567561288419455,621.7390273213878,4.238769797857572
439,thru,1035.10129343528,80.27622610303288,-0.6536856042524741,0.14012071627419828,298.90025475239946,2.7713588407543037,753.8819555523776,0.7876145499454297
440,thru,1204.737233085455,83.62499999999999,6.806963777596168,0.02883833805394641,253.93164341060918,0.3982780797298462,702.8260673021275,0.1644276418173531
441,thru,1067.0871114172226,82.875,6.907492500758081,0.05427979033454814,284.53059455014693,2.742509200295151,740.2199517873987,5.371730566159216
442,thru,1204.434807535058,83.15812097381979,6.570476322978533,0.07865735965468638,272.1004502129019,0.3707996652365807,708.5973159224413,1.10056435256106
443,wall,361.77733762802364,35.006185798220756,6.022766397882893,0.07482308721533024,235.60768340524456,4.117387718717635,,
444,thru,1010.1875249660693,83.62499999999999,-7.874966044925498,0.04609181897307436,248.8988121215219,2.131768176289588,652.1872842839487,3.693213460818689
445,thru,1081.7203133363314,82.875,-2.513653432295293,0.12905023527350634,269.81999913687474,0.4613842600165709,736.9830605424797,1.3120159772772868
446,thru,1064.9497912013314,83.62499999999999,6.1085988458969585,0.04642163859694497,238.56963357362636,0.6925989680536393,647.4445855667598,3.569939377696616
447,wall,499.6803087523247,38.3829686924309,7.4951343405885025,0.04421082306037363,301.59866920562746,3.3876304902064307,,
448,thru,1201.9709104917995,82.875,-5.517714297829471,0.07700537753625293,258.3282508448832,1.380861702699703,769.3590692832465,1.2811859438116011
449,thru,1151.6258477132435,83.24880530681102,5.058449664887462,0.07574363195729426,234.93754910574515,1.5599696125985334,723.1806735479513,0.39834592365584504
450,thru,858.9686563031505,73.875,8.307295512832589,0.13571222114139375,247.26962063334818,3.8703229749856174,658.2280789346878,5.460469202103424
451,thru,1072.0064521093188,82.875,-8.149110087587795,0.12961306897686503,273.5382360512337,3.0177263841371924,714.5828016241139,5.015041289144419
452,thru,1182.4485818976232,82.89151783154846,7.820989450581407,0.09345041012175848,266.2513242057492,0.1322469507742838,687.086029483662,1.3772713805450765
453,thru,773.6591538864819,61.875,-7.837646491943494,0.053816889273306426,305.6610480462285,1.892730783436237,748.2578279979494,6.1191738713575985
454,wall,682.087761425397,58.875,-8.085445418447224,0.00763013634212013,217.0931480918166,0.7469405193529072,,
455,thru,1069.310549253116,83.13270652338987,-1.668504484911459,0.0498011421541543,254.21491689984563,0.4528280079277636,768.4189461267877,1.0703967889652315
456,thru,1600.8369318755958,88.59188457621252,6.253547453949153,0.03229902888800611,237.66596878011205,1.1068036297750785,717.422290654304,3.971093955373323
457,thru,1136.215486990666,83.59233061794207,-7.670037459064149,0.12940236350119844,270.9998581467851,1.8744354832797545,648.1314335200061,0.9423485850162107
458,thru,1225.7770512137681,83.62499999999999,-7.832374271182696,0.1773742674533729,239.5416411587353,0.9753095277788536,778.5387765714582,6.672269236936023
459,thru,1044.7855545327093,79.875,7.759334688667885,0.034056724685220925,307.9777190778936,0.9027657073201303,687.0825371472523,3.8085690826331273
460,thru,864.15194335045,64.875,0.8092274255864111,0.03995632177158368,297.86819249722174,0.45157541259193135,752.3188078146175,1.1706602947025555
461,thru,872.9031273961131,68.07985315103652,6.174460552452629,0.10040119278497253,267.6346916210025,3.023234143761898,741.9383140144149,5.077390755865975
462,thru,1008.9683917096456,73.875,5.683321624182581,0.08817621181451356,308.96224642542256,2.2563863613153905,791.4024844536947,2.3394750722599094
463,thru,1361.775305936198,83.62499999999999,-8.0075291452815,0.18345201555151747,268.1725866600449,1.6409298384290618,668.1766350766125,1.58104715783265
464,thru,1008.6907962283599,82.875,5.805555368443974,0.17070267243961496,244.70881221303833,3.088847581909376,690.3862994776866,3.350916502984591
465,thru,1197.4863079620793,83.62499999999999,-7.594980601740583,0.09344671995762664,277.3486087253449,0.905160223739003,731.1079642032232,1.8971942066318905
466,thru,1043.8588689423775,83.32042829679813,5.522805028005885,0.1400597597792812,232.0970950664291,2.1762020561842252,655.8313370363995,0.7551122346954571
467,thru,1245.1646551564559,83.62499999999999,-6.80393579163822,0.08786417426303703,310.91992552782705,0.803080636747333,846.6211107211251,3.176800170840391
468,thru,1037.827543937492,79.875,-2.1868642263873044,0.14062802435642383,262.8305449075047,0.9148220543235752,727.4765934031986,1.2338526841709323
469,thru,1295.131488343072,83.62499999999999,1.7193733001127405,0.07489312324213593,332.5694823747991,1.94554744960017,751.3846781703064,1.6607540970132868
470,thru,1314.9921285483158,83.61752264742978,6.281479753921918,0.10395437459416845,318.21065760534236,2.8334013299533263,893.1234266740339,0.9732203604546827
471,wall,520.5224783478787,37.91636355274027,-1.3109960727643812,0.08549573305957589,241.48293852306415,3.4454976208593195,,
472,thru,999.5235020099491,82.93822923875716,1.9787631695380834,0.0744884151495877,236.0322658570514,0.12341194563538894,643.3723975727038,0.9443546871688681
473,thru,1601.600287388857,87.99201425326339,2.3080244332663504,0.03644684304859051,305.2577405002743,3.8236739393915453,713.6763949499813,0.22903898980079768
474,thru,827.9411557392043,70.875,-4.085135798188693,0.10791059998746498,246.50243547167852,3.2210759408213585,670.0225261502659,3.005369139486132
475,thru,1127.2461118299188,82.98559278404745,-6.748731597824556,0.09474096618773709,305.2228378547229,1.5404949276860864,761.2240529128314,6.07464542997497
476,thru,1112.9541141135426,82.875,3.812652582820839,0.08620752554329836,282.0644789682455,4.415110979668659,791.0773982411409,5.113354348934223
477,thru,1078.5231765781868,82.875,8.06917944928695,0.12592084942270976,285.4961282208888,2.934455026938163,736.9048573898259,2.583037414548214
478,thru,1078.3679479555115,83.62499999999999,8.559428140023753,0.1106552596592904,252.14009304691754,1.3046877453620298,669.9743434286484,0.5434438740369368
479,thru,979.990054085163,79.875,-6.298462084731148,0.06890684557103037,276.5482914666677,0.429177782114225,722.5016293834644,6.160379534110267
480,thru,1036.472925435903,82.875,7.408574583820233,0.04216749605083962,299.8821739930353,0.2857183113749311,698.5709924732602,1.8728801760038272
481,thru,1183.5025364609617,83.62499999999999,1.2263372733056146,0.21534118880247138,256.16495384111454,1.0464527316246635,657.1003688043503,2.682027859123524
482,thru,715.1379319374968,61.875,-6.45971272063529,0.008952169899143292,246.59975979119562,2.4503179465372478,686.8830602435452,4.568998948053302
483,thru,913.2851808554558,67.875,-4.044809349881433,0.06565438550286372,313.708273324054,1.3066357197209628,783.275793585136,1.8846156249496684
484,thru,1036.397485136584,80.30309835857364,-3.767677518399169,0.012601251257297698,281.77363484910074,0.8431612982482874,769.7353647126005,2.6828080228962845
485,thru,959.4130444949234,71.49887403145523,7.854201696857926,0.07830744537081892,281.946954807125,5.019359736179063,770.0023547844437,5.668006615424482
486,wall,522.8719755665492,41.034560265263494,-2.6016954526240132,0.011972787109677968,277.0227185424818,0.2806957367575355,,
487,wall,728.0390050652906,52.875,0.08394442314367656,0.1372573656845239,299.79523846223475,0.15938398932859546,,
488,thru,1164.1455719305375,83.62499999999999,-7.7197438373874405,0.03420029215916212,259.4292005168278,1.14206537770624,721.2319190235369,2.28523972623822
489,thru,1042.122455933046,82.875,2.701128094648099,0.31214348616808546,265.60202660822176,3.6095765714016204,717.1388454816973,2.3967240526812112
490,thru,1247.5092574945184,83.38159291981431,-2.5960012096233,0.10773773915365352,272.59610689583576,0.583718017951232,748.6673507539311,2.638138932902683
491,thru,1213.2397465810257,83.62499999999999,1.9294949842791176,0.02536454856565006,248.3554721616616,0.573304412274043,726.8302715747963,1.230808533080546
492,wall,556.6058891152142,43.875,-5.492965828325874,0.04275095207563854,290.0861638305264,2.1298929052234596,,
493,thru,1153.337347152581,83.33871994573636,7.630928433785196,0.01420489834900974,266.1130059728215,2.3134332650805582,675.2906233376442,2.9353189049671493
494,thru,1335.5217343346428,83.62499999999999,4.001340917418718,0.026087063237472487,235.5526371868651,0.6064886863966819,690.9602862326814,0.7056065070481528
495,thru,1090.0308513396287,82.91072322643795,-1.9036819423709772,0.05534130081595916,244.76312196189681,0.39099713255695717,712.755988044969,0.12182693421432585
496,thru,1601.3588397740218,85.96930040332096,-5.992982652923328,0.032496891084031525,332.8412421923786,0.3683054379114471,871.2075324105622,1.5309854609987823
497,thru,1148.8399458702338,82.875,-4.841903824689995,0.05392741894245608,289.48369136975055,2.2183376194549536,718.1784641409575,1.2179654481040298
498,thru,1223.580391071099,83.62499999999999,7.997958733944894,0.016166611441295362,272.01403822002084,1.0346918052282459,765.9438803878578,2.911621024970136
499,thru,1002.4345086264392,80.17864189504553,3.0365710455136523,0.04589253771033093,253.05075433592825,0.3062578923726605,676.6772425913407,1.7513082479812772
